TimeStamp;NodeID;NodeCount;Schema;SF;WorkerCount;Item name;CPU ns;USER ns;BLOCKED#;BLOCKED ns;WAITED#;WAITED ns;SUMM all times;Running %;Running total%;Comment
1734187861203;1;1;tpc-di;6000.0;12;ALL#SCHEDULERS;85203125000;6187500000;0;0;3882744;6073892000000;6159095125000;1.383;695.685;
1734187861203;1;1;tpc-di;6000.0;12;ALL#pdgf.util.caching.experimental.BucketSortOutputFileWriterIMPL$HouseKeeper;8187500000;1359375000;0;0;112529;46683000000;54870500000;14.921;67.755;
1734187861203;1;1;tpc-di;6000.0;12;ALL#worker#0;6156250000;5750000000;1;0;12048;5165000000;11321250000;54.378;51.194;
1734187861203;1;1;tpc-di;6000.0;12;ALL#worker#1;5765625000;5453125000;5;0;13371;5537000000;11302625000;51.011;48.009;
1734187861203;1;1;tpc-di;6000.0;12;ALL#worker#10;3421875000;3234375000;6;2000000;12244;7922000000;11345875000;30.16;28.9;
1734187861203;1;1;tpc-di;6000.0;12;ALL#worker#11;2625000000;2515625000;7;1000000;12226;8718000000;11344000000;23.14;22.402;
1734187861203;1;1;tpc-di;6000.0;12;ALL#worker#2;5781250000;5609375000;8;0;12766;5570000000;11351250000;50.931;48.136;
1734187861203;1;1;tpc-di;6000.0;12;ALL#worker#3;5687500000;5406250000;6;0;12397;5688000000;11375500000;49.998;47.372;
1734187861203;1;1;tpc-di;6000.0;12;ALL#worker#4;5406250000;5171875000;5;0;12197;5667000000;11073250000;48.823;45.079;
1734187861203;1;1;tpc-di;6000.0;12;ALL#worker#5;5281250000;5140625000;3;0;12218;5835000000;11116250000;47.509;44.06;
1734187861203;1;1;tpc-di;6000.0;12;ALL#worker#6;5421875000;5234375000;7;0;12291;6059000000;11480875000;47.225;45.206;
1734187861203;1;1;tpc-di;6000.0;12;ALL#worker#7;5218750000;5015625000;2;0;12256;6408000000;11626750000;44.886;43.55;
1734187861203;1;1;tpc-di;6000.0;12;ALL#worker#8;4578125000;4484375000;4;2000000;12165;6631000000;11211125000;40.836;38.327;
1734187861203;1;1;tpc-di;6000.0;12;ALL#worker#9;4187500000;4000000000;2;0;12248;7261000000;11448500000;36.577;35.142;
1734187861203;1;1;tpc-di;6000.0;12;All#PausedThread;1312500000;390625000;0;0;30086;10879000000;12191500000;10.766;11.701;
1734187861203;1;1;tpc-di;6000.0;12;pdgf.core.dataGenerator.CDCUpdateProducer#ALL;171875000;125000000;0;0;812;420000000;591875000;29.039;2.401;
1734187861203;1;1;tpc-di;6000.0;12;pdgf.core.dataGenerator.CDCUpdateProducer#BatchDate;0;0;0;0;3;0;0;0.0;1.0;
1734187861203;1;1;tpc-di;6000.0;12;pdgf.core.dataGenerator.CDCUpdateProducer#Customer;0;0;0;0;2;0;0;0.0;1.0;
1734187861203;1;1;tpc-di;6000.0;12;pdgf.core.dataGenerator.CDCUpdateProducer#DailyMarket;109375000;62500000;0;0;543;358000000;467375000;23.402;1.892;
1734187861203;1;1;tpc-di;6000.0;12;pdgf.core.dataGenerator.CDCUpdateProducer#WatchHistory;46875000;46875000;0;0;264;62000000;108875000;43.054;1.382;
1734187861203;1;1;tpc-di;6000.0;12;pdgf.core.dataGenerator.scheduler.DbDumpUpdateScheduler#Prospect;0;0;0;0;6;155000000;155000000;0.0;1.0;
1734187861203;1;1;tpc-di;6000.0;12;pdgf.core.dataGenerator.scheduler.DefaultScheduler#Date;0;0;0;0;0;0;0;0.0;1.0;
1734187861203;1;1;tpc-di;6000.0;12;pdgf.core.dataGenerator.scheduler.DefaultScheduler#HR;0;0;0;0;0;0;0;0.0;1.0;
1734187861203;1;1;tpc-di;6000.0;12;pdgf.core.dataGenerator.scheduler.DefaultScheduler#Industry;0;0;0;0;0;0;0;0.0;1.0;
1734187861203;1;1;tpc-di;6000.0;12;pdgf.core.dataGenerator.scheduler.DefaultScheduler#StatusType;0;0;0;0;0;0;0;0.0;1.0;
1734187861203;1;1;tpc-di;6000.0;12;pdgf.core.dataGenerator.scheduler.DefaultScheduler#TaxRate;0;0;0;0;0;0;0;0.0;1.0;
1734187861203;1;1;tpc-di;6000.0;12;pdgf.core.dataGenerator.scheduler.DefaultScheduler#Time;0;0;0;0;0;0;0;0.0;1.0;
1734187861203;1;1;tpc-di;6000.0;12;pdgf.core.dataGenerator.scheduler.DefaultScheduler#TradeType;0;0;0;0;0;0;0;0.0;1.0;
1734187861203;1;1;tpc-di;6000.0;12;pdgf.core.dataGenerator.scheduler.UpdateScheduler#Account;0;0;0;0;3;5000000;5000000;0.0;1.0;
1734187861203;1;1;tpc-di;6000.0;12;pdgf.core.dataGenerator.scheduler.UpdateScheduler#BatchDate;0;0;0;0;6;8000000;8000000;0.0;1.0;
1734187861203;1;1;tpc-di;6000.0;12;pdgf.core.dataGenerator.scheduler.UpdateScheduler#Customer;0;0;0;0;3;3000000;3000000;0.0;1.0;
1734187861203;1;1;tpc-di;6000.0;12;pdgf.core.dataGenerator.scheduler.UpdateScheduler#DailyMarket;22015625000;3796875000;0;0;410146;1123738000000;1145753625000;1.921;180.5;
1734187861203;1;1;tpc-di;6000.0;12;pdgf.core.dataGenerator.scheduler.UpdateScheduler#FINWIRE;1093750000;0;0;0;27321;117191000000;118284750000;0.925;9.918;
1734187861203;1;1;tpc-di;6000.0;12;pdgf.core.dataGenerator.scheduler.UpdateScheduler#TradeSource;59937500000;234375000;0;0;3264336;4571837000000;4631774500000;1.294;489.687;
1734187861203;1;1;tpc-di;6000.0;12;pdgf.core.dataGenerator.scheduler.UpdateScheduler#WatchHistory;2078125000;2078125000;0;0;180915;260955000000;263033125000;0.79;17.944;
1734187861203;1;1;tpc-di;6000.0;12;pdgf.core.dataGenerator.worker.DbDumpRowWorker#worker#0;93750000;93750000;0;0;14;23000000;116750000;80.3;1.764;
1734187861203;1;1;tpc-di;6000.0;12;pdgf.core.dataGenerator.worker.DbDumpRowWorker#worker#1;109375000;109375000;0;0;13;29000000;138375000;79.042;1.892;
1734187861203;1;1;tpc-di;6000.0;12;pdgf.core.dataGenerator.worker.DbDumpRowWorker#worker#10;140625000;125000000;0;0;16;26000000;166625000;84.396;2.147;
1734187861203;1;1;tpc-di;6000.0;12;pdgf.core.dataGenerator.worker.DbDumpRowWorker#worker#11;93750000;78125000;0;0;17;24000000;117750000;79.618;1.764;
1734187861203;1;1;tpc-di;6000.0;12;pdgf.core.dataGenerator.worker.DbDumpRowWorker#worker#2;156250000;156250000;0;0;15;16000000;172250000;90.711;2.274;
1734187861203;1;1;tpc-di;6000.0;12;pdgf.core.dataGenerator.worker.DbDumpRowWorker#worker#3;156250000;156250000;1;0;14;16000000;172250000;90.711;2.274;
1734187861203;1;1;tpc-di;6000.0;12;pdgf.core.dataGenerator.worker.DbDumpRowWorker#worker#4;125000000;78125000;0;0;14;14000000;139000000;89.928;2.019;
1734187861203;1;1;tpc-di;6000.0;12;pdgf.core.dataGenerator.worker.DbDumpRowWorker#worker#5;125000000;93750000;0;0;13;14000000;139000000;89.928;2.019;
1734187861203;1;1;tpc-di;6000.0;12;pdgf.core.dataGenerator.worker.DbDumpRowWorker#worker#6;93750000;93750000;1;0;14;25000000;118750000;78.947;1.764;
1734187861203;1;1;tpc-di;6000.0;12;pdgf.core.dataGenerator.worker.DbDumpRowWorker#worker#7;140625000;125000000;0;0;12;24000000;164625000;85.421;2.147;
1734187861203;1;1;tpc-di;6000.0;12;pdgf.core.dataGenerator.worker.DbDumpRowWorker#worker#8;125000000;109375000;1;1000000;12;27000000;153000000;81.699;2.019;
1734187861203;1;1;tpc-di;6000.0;12;pdgf.core.dataGenerator.worker.DbDumpRowWorker#worker#9;46875000;46875000;0;0;15;21000000;67875000;69.061;1.382;
1734187861203;1;1;tpc-di;6000.0;12;pdgf.core.dataGenerator.worker.RowWorker#worker#0;359375000;343750000;0;0;21;33000000;392375000;91.59;3.93;
1734187861203;1;1;tpc-di;6000.0;12;pdgf.core.dataGenerator.worker.RowWorker#worker#1;328125000;265625000;1;0;19;36000000;364125000;90.113;3.675;
1734187861203;1;1;tpc-di;6000.0;12;pdgf.core.dataGenerator.worker.RowWorker#worker#10;328125000;265625000;2;0;23;33000000;361125000;90.862;3.675;
1734187861203;1;1;tpc-di;6000.0;12;pdgf.core.dataGenerator.worker.RowWorker#worker#11;218750000;203125000;2;0;22;37000000;255750000;85.533;2.784;
1734187861203;1;1;tpc-di;6000.0;12;pdgf.core.dataGenerator.worker.RowWorker#worker#2;343750000;312500000;2;0;22;41000000;384750000;89.344;3.803;
1734187861203;1;1;tpc-di;6000.0;12;pdgf.core.dataGenerator.worker.RowWorker#worker#3;328125000;296875000;3;0;21;43000000;371125000;88.414;3.675;
1734187861203;1;1;tpc-di;6000.0;12;pdgf.core.dataGenerator.worker.RowWorker#worker#4;359375000;328125000;3;0;24;43000000;402375000;89.313;3.93;
1734187861203;1;1;tpc-di;6000.0;12;pdgf.core.dataGenerator.worker.RowWorker#worker#5;187500000;187500000;2;0;19;34000000;221500000;84.65;2.529;
1734187861203;1;1;tpc-di;6000.0;12;pdgf.core.dataGenerator.worker.RowWorker#worker#6;343750000;296875000;3;0;23;39000000;382750000;89.811;3.803;
1734187861203;1;1;tpc-di;6000.0;12;pdgf.core.dataGenerator.worker.RowWorker#worker#7;390625000;328125000;1;0;21;47000000;437625000;89.26;4.185;
1734187861203;1;1;tpc-di;6000.0;12;pdgf.core.dataGenerator.worker.RowWorker#worker#8;312500000;296875000;1;0;19;36000000;348500000;89.67;3.548;
1734187861203;1;1;tpc-di;6000.0;12;pdgf.core.dataGenerator.worker.RowWorker#worker#9;343750000;296875000;0;0;20;36000000;379750000;90.52;3.803;
1734187861203;1;1;tpc-di;6000.0;12;pdgf.core.dataGenerator.worker.UpdateRowWorker#worker#0;5343750000;5125000000;0;0;11059;4859000000;10202750000;52.376;44.569;
1734187861203;1;1;tpc-di;6000.0;12;pdgf.core.dataGenerator.worker.UpdateRowWorker#worker#1;5312500000;5078125000;4;0;12078;4968000000;10280500000;51.676;44.314;
1734187861203;1;1;tpc-di;6000.0;12;pdgf.core.dataGenerator.worker.UpdateRowWorker#worker#10;2953125000;2843750000;3;2000000;10898;7320000000;10275125000;28.741;25.078;
1734187861203;1;1;tpc-di;6000.0;12;pdgf.core.dataGenerator.worker.UpdateRowWorker#worker#11;2312500000;2234375000;3;1000000;10879;8113000000;10426500000;22.179;19.854;
1734187861203;1;1;tpc-di;6000.0;12;pdgf.core.dataGenerator.worker.UpdateRowWorker#worker#2;5281250000;5140625000;5;0;11433;4992000000;10273250000;51.408;44.06;
1734187861203;1;1;tpc-di;6000.0;12;pdgf.core.dataGenerator.worker.UpdateRowWorker#worker#3;5203125000;4953125000;2;0;11048;5090000000;10293125000;50.55;43.423;
1734187861203;1;1;tpc-di;6000.0;12;pdgf.core.dataGenerator.worker.UpdateRowWorker#worker#4;4921875000;4765625000;2;0;10843;5070000000;9991875000;49.259;41.129;
1734187861203;1;1;tpc-di;6000.0;12;pdgf.core.dataGenerator.worker.UpdateRowWorker#worker#5;4953125000;4843750000;1;0;10874;5245000000;10198125000;48.569;41.384;
1734187861203;1;1;tpc-di;6000.0;12;pdgf.core.dataGenerator.worker.UpdateRowWorker#worker#6;4968750000;4843750000;2;0;10940;5454000000;10422750000;47.672;41.512;
1734187861203;1;1;tpc-di;6000.0;12;pdgf.core.dataGenerator.worker.UpdateRowWorker#worker#7;4640625000;4546875000;1;0;10916;5795000000;10435625000;44.469;38.836;
1734187861203;1;1;tpc-di;6000.0;12;pdgf.core.dataGenerator.worker.UpdateRowWorker#worker#8;4140625000;4078125000;2;1000000;10823;6029000000;10170625000;40.712;34.76;
1734187861203;1;1;tpc-di;6000.0;12;pdgf.core.dataGenerator.worker.UpdateRowWorker#worker#9;3781250000;3640625000;2;0;10902;6662000000;10443250000;36.208;31.83;
1734187861203;1;1;tpc-di;6000.0;12;tpc.di.CustomerAccountBlackBox$CustomerAccountUpdateProducer#ALL;0;0;0;0;7;0;0;0.0;1.0;
1734187861203;1;1;tpc-di;6000.0;12;tpc.di.CustomerAccountBlackBox$CustomerAccountUpdateProducer#Account;0;0;0;0;7;0;0;0.0;1.0;
1734187861203;1;1;tpc-di;6000.0;12;tpc.di.MergeUpdateBlackBox$MergeUpdateProducer#FINWIRE;15625000;15625000;0;0;200;89000000;104625000;14.934;1.127;
1734187861203;1;1;tpc-di;6000.0;12;tpc.di.TradeSourceUpdateBlackBox$TradeSourceUpdateProducer#ALL;234375000;156250000;0;0;1404;211000000;445375000;52.624;2.911;
1734187861203;1;1;tpc-di;6000.0;12;tpc.di.TradeSourceUpdateBlackBox$TradeSourceUpdateProducer#TradeSource;218750000;140625000;0;0;1404;211000000;429750000;50.902;2.784;
1734187861203;1;1;tpc-di;6000.0;12;tpc.di.scheduler.CustomerMgmtScheduler#CustomerMgmt;62500000;46875000;0;0;8;0;62500000;100.0;1.51;
1734187861203;1;1;tpc-di;6000.0;12;tpc.di.scheduler.CustomerMgmtUpdateRowWorker#worker#0;359375000;187500000;0;0;954;250000000;609375000;58.974;3.93;
1734187861203;1;1;tpc-di;6000.0;12;tpc.di.scheduler.CustomerMgmtUpdateRowWorker#worker#1;15625000;0;0;0;1261;504000000;519625000;3.007;1.127;
1734187861203;1;1;tpc-di;6000.0;12;tpc.di.scheduler.CustomerMgmtUpdateRowWorker#worker#10;0;0;1;0;1307;543000000;543000000;0.0;1.0;
1734187861203;1;1;tpc-di;6000.0;12;tpc.di.scheduler.CustomerMgmtUpdateRowWorker#worker#11;0;0;1;0;1308;544000000;544000000;0.0;1.0;
1734187861203;1;1;tpc-di;6000.0;12;tpc.di.scheduler.CustomerMgmtUpdateRowWorker#worker#2;0;0;0;0;1296;521000000;521000000;0.0;1.0;
1734187861203;1;1;tpc-di;6000.0;12;tpc.di.scheduler.CustomerMgmtUpdateRowWorker#worker#3;0;0;0;0;1314;539000000;539000000;0.0;1.0;
1734187861203;1;1;tpc-di;6000.0;12;tpc.di.scheduler.CustomerMgmtUpdateRowWorker#worker#4;0;0;0;0;1316;540000000;540000000;0.0;1.0;
1734187861203;1;1;tpc-di;6000.0;12;tpc.di.scheduler.CustomerMgmtUpdateRowWorker#worker#5;15625000;15625000;0;0;1312;542000000;557625000;2.802;1.127;
1734187861203;1;1;tpc-di;6000.0;12;tpc.di.scheduler.CustomerMgmtUpdateRowWorker#worker#6;15625000;0;0;0;1314;541000000;556625000;2.807;1.127;
1734187861203;1;1;tpc-di;6000.0;12;tpc.di.scheduler.CustomerMgmtUpdateRowWorker#worker#7;46875000;15625000;0;0;1307;542000000;588875000;7.96;1.382;
1734187861203;1;1;tpc-di;6000.0;12;tpc.di.scheduler.CustomerMgmtUpdateRowWorker#worker#8;0;0;0;0;1311;539000000;539000000;0.0;1.0;
1734187861203;1;1;tpc-di;6000.0;12;tpc.di.scheduler.CustomerMgmtUpdateRowWorker#worker#9;15625000;15625000;0;0;1311;542000000;557625000;2.802;1.127;
1734188009307;1;1;tpc-di;12000.0;12;ALL#SCHEDULERS;159296875000;121875000000;1695;0;3722537;8681933000000;8841229875000;1.802;884.265;
1734188009307;1;1;tpc-di;12000.0;12;ALL#pdgf.util.caching.experimental.BucketSortOutputFileWriterIMPL$HouseKeeper;10562500000;1609375000;0;0;125056;64286000000;74848500000;14.112;59.567;
1734188009307;1;1;tpc-di;12000.0;12;ALL#worker#0;9656250000;9406250000;4;0;12028;5913000000;15569250000;62.021;54.542;
1734188009307;1;1;tpc-di;12000.0;12;ALL#worker#1;9531250000;9140625000;7;2000000;13510;6348000000;15881250000;60.016;53.849;
1734188009307;1;1;tpc-di;12000.0;12;ALL#worker#10;7031250000;6875000000;5;2000000;12105;9085000000;16118250000;43.623;39.987;
1734188009307;1;1;tpc-di;12000.0;12;ALL#worker#11;5734375000;5515625000;1;3000000;12268;10556000000;16293375000;35.195;32.796;
1734188009307;1;1;tpc-di;12000.0;12;ALL#worker#2;9343750000;8984375000;5;0;13299;6616000000;15959750000;58.546;52.809;
1734188009307;1;1;tpc-di;12000.0;12;ALL#worker#3;9406250000;9109375000;4;1000000;12932;6814000000;16221250000;57.987;53.156;
1734188009307;1;1;tpc-di;12000.0;12;ALL#worker#4;8765625000;8468750000;4;0;12360;6624000000;15389625000;56.958;49.603;
1734188009307;1;1;tpc-di;12000.0;12;ALL#worker#5;8640625000;8500000000;6;2000000;12290;6838000000;15480625000;55.816;48.91;
1734188009307;1;1;tpc-di;12000.0;12;ALL#worker#6;8687500000;8328125000;2;1000000;12282;7009000000;15697500000;55.343;49.17;
1734188009307;1;1;tpc-di;12000.0;12;ALL#worker#7;8937500000;8656250000;2;0;12232;7410000000;16347500000;54.672;50.556;
1734188009307;1;1;tpc-di;12000.0;12;ALL#worker#8;8234375000;7984375000;1;1000000;12126;7648000000;15883375000;51.843;46.658;
1734188009307;1;1;tpc-di;12000.0;12;ALL#worker#9;7703125000;7484375000;4;1000000;12189;8281000000;15985125000;48.189;43.712;
1734188009307;1;1;tpc-di;12000.0;12;All#PausedThread;1421875000;421875000;0;0;19992;16559000000;17980875000;7.908;8.884;
1734188009307;1;1;tpc-di;12000.0;12;pdgf.core.dataGenerator.CDCUpdateProducer#ALL;406250000;171875000;1;2000000;832;785000000;1193250000;34.046;3.253;
1734188009307;1;1;tpc-di;12000.0;12;pdgf.core.dataGenerator.CDCUpdateProducer#BatchDate;0;0;0;0;1;0;0;0.0;1.0;
1734188009307;1;1;tpc-di;12000.0;12;pdgf.core.dataGenerator.CDCUpdateProducer#Customer;0;0;0;0;0;0;0;0.0;1.0;
1734188009307;1;1;tpc-di;12000.0;12;pdgf.core.dataGenerator.CDCUpdateProducer#DailyMarket;250000000;125000000;1;2000000;566;688000000;940000000;26.596;2.386;
1734188009307;1;1;tpc-di;12000.0;12;pdgf.core.dataGenerator.CDCUpdateProducer#WatchHistory;140625000;46875000;0;0;265;97000000;237625000;59.179;1.78;
1734188009307;1;1;tpc-di;12000.0;12;pdgf.core.dataGenerator.scheduler.DbDumpUpdateScheduler#Prospect;0;0;0;0;6;376000000;376000000;0.0;1.0;
1734188009307;1;1;tpc-di;12000.0;12;pdgf.core.dataGenerator.scheduler.DefaultScheduler#Date;0;0;0;0;0;0;0;0.0;1.0;
1734188009307;1;1;tpc-di;12000.0;12;pdgf.core.dataGenerator.scheduler.DefaultScheduler#HR;0;0;0;0;0;0;0;0.0;1.0;
1734188009307;1;1;tpc-di;12000.0;12;pdgf.core.dataGenerator.scheduler.DefaultScheduler#Industry;0;0;0;0;0;0;0;0.0;1.0;
1734188009307;1;1;tpc-di;12000.0;12;pdgf.core.dataGenerator.scheduler.DefaultScheduler#StatusType;0;0;0;0;0;0;0;0.0;1.0;
1734188009307;1;1;tpc-di;12000.0;12;pdgf.core.dataGenerator.scheduler.DefaultScheduler#TaxRate;0;0;0;0;0;0;0;0.0;1.0;
1734188009307;1;1;tpc-di;12000.0;12;pdgf.core.dataGenerator.scheduler.DefaultScheduler#Time;0;0;0;0;0;0;0;0.0;1.0;
1734188009307;1;1;tpc-di;12000.0;12;pdgf.core.dataGenerator.scheduler.DefaultScheduler#TradeType;0;0;0;0;0;0;0;0.0;1.0;
1734188009307;1;1;tpc-di;12000.0;12;pdgf.core.dataGenerator.scheduler.UpdateScheduler#Account;0;0;0;0;3;5000000;5000000;0.0;1.0;
1734188009307;1;1;tpc-di;12000.0;12;pdgf.core.dataGenerator.scheduler.UpdateScheduler#BatchDate;0;0;0;0;6;7000000;7000000;0.0;1.0;
1734188009307;1;1;tpc-di;12000.0;12;pdgf.core.dataGenerator.scheduler.UpdateScheduler#Customer;0;0;0;0;3;6000000;6000000;0.0;1.0;
1734188009307;1;1;tpc-di;12000.0;12;pdgf.core.dataGenerator.scheduler.UpdateScheduler#DailyMarket;0;0;0;0;306968;1981407000000;1981407000000;0.0;1.0;
1734188009307;1;1;tpc-di;12000.0;12;pdgf.core.dataGenerator.scheduler.UpdateScheduler#FINWIRE;0;0;0;0;23223;147592000000;147592000000;0.0;1.0;
1734188009307;1;1;tpc-di;12000.0;12;pdgf.core.dataGenerator.scheduler.UpdateScheduler#TradeSource;144578125000;115968750000;1694;0;3214753;6149634000000;6294212125000;2.297;802.653;
1734188009307;1;1;tpc-di;12000.0;12;pdgf.core.dataGenerator.scheduler.UpdateScheduler#WatchHistory;14625000000;5859375000;0;0;177540;402906000000;417531000000;3.503;82.092;
1734188009307;1;1;tpc-di;12000.0;12;pdgf.core.dataGenerator.worker.DbDumpRowWorker#worker#0;312500000;265625000;1;0;28;60000000;372500000;83.893;2.733;
1734188009307;1;1;tpc-di;12000.0;12;pdgf.core.dataGenerator.worker.DbDumpRowWorker#worker#1;187500000;171875000;1;0;28;61000000;248500000;75.453;2.04;
1734188009307;1;1;tpc-di;12000.0;12;pdgf.core.dataGenerator.worker.DbDumpRowWorker#worker#10;265625000;234375000;1;0;27;78000000;343625000;77.301;2.473;
1734188009307;1;1;tpc-di;12000.0;12;pdgf.core.dataGenerator.worker.DbDumpRowWorker#worker#11;218750000;218750000;0;0;27;82000000;300750000;72.735;2.213;
1734188009307;1;1;tpc-di;12000.0;12;pdgf.core.dataGenerator.worker.DbDumpRowWorker#worker#2;218750000;218750000;0;0;29;86000000;304750000;71.78;2.213;
1734188009307;1;1;tpc-di;12000.0;12;pdgf.core.dataGenerator.worker.DbDumpRowWorker#worker#3;218750000;218750000;0;0;28;79000000;297750000;73.468;2.213;
1734188009307;1;1;tpc-di;12000.0;12;pdgf.core.dataGenerator.worker.DbDumpRowWorker#worker#4;234375000;218750000;0;0;28;50000000;284375000;82.418;2.3;
1734188009307;1;1;tpc-di;12000.0;12;pdgf.core.dataGenerator.worker.DbDumpRowWorker#worker#5;234375000;234375000;1;0;28;61000000;295375000;79.348;2.3;
1734188009307;1;1;tpc-di;12000.0;12;pdgf.core.dataGenerator.worker.DbDumpRowWorker#worker#6;250000000;203125000;0;0;28;51000000;301000000;83.056;2.386;
1734188009307;1;1;tpc-di;12000.0;12;pdgf.core.dataGenerator.worker.DbDumpRowWorker#worker#7;218750000;171875000;0;0;25;74000000;292750000;74.722;2.213;
1734188009307;1;1;tpc-di;12000.0;12;pdgf.core.dataGenerator.worker.DbDumpRowWorker#worker#8;218750000;218750000;0;0;29;76000000;294750000;74.215;2.213;
1734188009307;1;1;tpc-di;12000.0;12;pdgf.core.dataGenerator.worker.DbDumpRowWorker#worker#9;203125000;203125000;0;0;28;87000000;290125000;70.013;2.126;
1734188009307;1;1;tpc-di;12000.0;12;pdgf.core.dataGenerator.worker.RowWorker#worker#0;390625000;343750000;1;0;64;67000000;457625000;85.359;3.166;
1734188009307;1;1;tpc-di;12000.0;12;pdgf.core.dataGenerator.worker.RowWorker#worker#1;343750000;281250000;2;0;66;91000000;434750000;79.068;2.906;
1734188009307;1;1;tpc-di;12000.0;12;pdgf.core.dataGenerator.worker.RowWorker#worker#10;296875000;265625000;1;0;69;98000000;394875000;75.182;2.646;
1734188009307;1;1;tpc-di;12000.0;12;pdgf.core.dataGenerator.worker.RowWorker#worker#11;234375000;203125000;0;0;67;99000000;333375000;70.304;2.3;
1734188009307;1;1;tpc-di;12000.0;12;pdgf.core.dataGenerator.worker.RowWorker#worker#2;406250000;343750000;0;0;68;73000000;479250000;84.768;3.253;
1734188009307;1;1;tpc-di;12000.0;12;pdgf.core.dataGenerator.worker.RowWorker#worker#3;343750000;281250000;0;0;70;81000000;424750000;80.93;2.906;
1734188009307;1;1;tpc-di;12000.0;12;pdgf.core.dataGenerator.worker.RowWorker#worker#4;312500000;296875000;1;0;67;82000000;394500000;79.214;2.733;
1734188009307;1;1;tpc-di;12000.0;12;pdgf.core.dataGenerator.worker.RowWorker#worker#5;359375000;328125000;1;0;66;90000000;449375000;79.972;2.993;
1734188009307;1;1;tpc-di;12000.0;12;pdgf.core.dataGenerator.worker.RowWorker#worker#6;375000000;296875000;0;0;65;71000000;446000000;84.081;3.079;
1734188009307;1;1;tpc-di;12000.0;12;pdgf.core.dataGenerator.worker.RowWorker#worker#7;265625000;250000000;1;0;65;98000000;363625000;73.049;2.473;
1734188009307;1;1;tpc-di;12000.0;12;pdgf.core.dataGenerator.worker.RowWorker#worker#8;296875000;281250000;0;0;65;102000000;398875000;74.428;2.646;
1734188009307;1;1;tpc-di;12000.0;12;pdgf.core.dataGenerator.worker.RowWorker#worker#9;328125000;312500000;1;0;68;81000000;409125000;80.202;2.819;
1734188009307;1;1;tpc-di;12000.0;12;pdgf.core.dataGenerator.worker.UpdateRowWorker#worker#0;8468750000;8359375000;1;0;10937;5382000000;13850750000;61.143;47.957;
1734188009307;1;1;tpc-di;12000.0;12;pdgf.core.dataGenerator.worker.UpdateRowWorker#worker#1;8781250000;8546875000;2;2000000;12033;5480000000;14263250000;61.566;49.69;
1734188009307;1;1;tpc-di;12000.0;12;pdgf.core.dataGenerator.worker.UpdateRowWorker#worker#10;6468750000;6375000000;2;2000000;10705;8003000000;14473750000;44.693;36.868;
1734188009307;1;1;tpc-di;12000.0;12;pdgf.core.dataGenerator.worker.UpdateRowWorker#worker#11;5265625000;5078125000;1;3000000;10867;9465000000;14733625000;35.739;30.197;
1734188009307;1;1;tpc-di;12000.0;12;pdgf.core.dataGenerator.worker.UpdateRowWorker#worker#2;8593750000;8359375000;4;0;11886;5615000000;14208750000;60.482;48.65;
1734188009307;1;1;tpc-di;12000.0;12;pdgf.core.dataGenerator.worker.UpdateRowWorker#worker#3;8812500000;8578125000;2;1000000;11521;5761000000;14574500000;60.465;49.863;
1734188009307;1;1;tpc-di;12000.0;12;pdgf.core.dataGenerator.worker.UpdateRowWorker#worker#4;8140625000;7906250000;1;0;10960;5617000000;13757625000;59.172;46.138;
1734188009307;1;1;tpc-di;12000.0;12;pdgf.core.dataGenerator.worker.UpdateRowWorker#worker#5;8000000000;7906250000;2;2000000;10876;5784000000;13786000000;58.03;45.358;
1734188009307;1;1;tpc-di;12000.0;12;pdgf.core.dataGenerator.worker.UpdateRowWorker#worker#6;8046875000;7828125000;2;1000000;10878;5982000000;14029875000;57.355;45.618;
1734188009307;1;1;tpc-di;12000.0;12;pdgf.core.dataGenerator.worker.UpdateRowWorker#worker#7;8421875000;8203125000;1;0;10836;6331000000;14752875000;57.086;47.697;
1734188009307;1;1;tpc-di;12000.0;12;pdgf.core.dataGenerator.worker.UpdateRowWorker#worker#8;7718750000;7484375000;1;1000000;10718;6562000000;14281750000;54.046;43.799;
1734188009307;1;1;tpc-di;12000.0;12;pdgf.core.dataGenerator.worker.UpdateRowWorker#worker#9;7156250000;6953125000;2;1000000;10787;7204000000;14361250000;49.83;40.68;
1734188009307;1;1;tpc-di;12000.0;12;tpc.di.CustomerAccountBlackBox$CustomerAccountUpdateProducer#ALL;0;0;0;0;1;0;0;0.0;1.0;
1734188009307;1;1;tpc-di;12000.0;12;tpc.di.CustomerAccountBlackBox$CustomerAccountUpdateProducer#Account;0;0;0;0;1;0;0;0.0;1.0;
1734188009307;1;1;tpc-di;12000.0;12;tpc.di.MergeUpdateBlackBox$MergeUpdateProducer#FINWIRE;46875000;15625000;0;0;147;162000000;208875000;22.442;1.26;
1734188009307;1;1;tpc-di;12000.0;12;tpc.di.TradeSourceUpdateBlackBox$TradeSourceUpdateProducer#ALL;312500000;171875000;0;0;1260;483000000;795500000;39.283;2.733;
1734188009307;1;1;tpc-di;12000.0;12;tpc.di.TradeSourceUpdateBlackBox$TradeSourceUpdateProducer#TradeSource;296875000;156250000;0;0;1260;483000000;779875000;38.067;2.646;
1734188009307;1;1;tpc-di;12000.0;12;tpc.di.scheduler.CustomerMgmtScheduler#CustomerMgmt;46875000;15625000;0;0;35;0;46875000;100.0;1.26;
1734188009307;1;1;tpc-di;12000.0;12;tpc.di.scheduler.CustomerMgmtUpdateRowWorker#worker#0;484375000;437500000;0;0;999;404000000;888375000;54.524;3.686;
1734188009307;1;1;tpc-di;12000.0;12;tpc.di.scheduler.CustomerMgmtUpdateRowWorker#worker#1;218750000;140625000;1;0;1383;716000000;934750000;23.402;2.213;
1734188009307;1;1;tpc-di;12000.0;12;tpc.di.scheduler.CustomerMgmtUpdateRowWorker#worker#10;0;0;1;0;1304;906000000;906000000;0.0;1.0;
1734188009307;1;1;tpc-di;12000.0;12;tpc.di.scheduler.CustomerMgmtUpdateRowWorker#worker#11;15625000;15625000;0;0;1307;910000000;925625000;1.688;1.087;
1734188009307;1;1;tpc-di;12000.0;12;tpc.di.scheduler.CustomerMgmtUpdateRowWorker#worker#2;125000000;62500000;0;0;1316;842000000;967000000;12.927;1.693;
1734188009307;1;1;tpc-di;12000.0;12;tpc.di.scheduler.CustomerMgmtUpdateRowWorker#worker#3;31250000;31250000;2;0;1313;893000000;924250000;3.381;1.173;
1734188009307;1;1;tpc-di;12000.0;12;tpc.di.scheduler.CustomerMgmtUpdateRowWorker#worker#4;78125000;46875000;1;0;1305;875000000;953125000;8.197;1.433;
1734188009307;1;1;tpc-di;12000.0;12;tpc.di.scheduler.CustomerMgmtUpdateRowWorker#worker#5;46875000;31250000;0;0;1320;903000000;949875000;4.935;1.26;
1734188009307;1;1;tpc-di;12000.0;12;tpc.di.scheduler.CustomerMgmtUpdateRowWorker#worker#6;15625000;0;0;0;1311;905000000;920625000;1.697;1.087;
1734188009307;1;1;tpc-di;12000.0;12;tpc.di.scheduler.CustomerMgmtUpdateRowWorker#worker#7;31250000;31250000;0;0;1306;907000000;938250000;3.331;1.173;
1734188009307;1;1;tpc-di;12000.0;12;tpc.di.scheduler.CustomerMgmtUpdateRowWorker#worker#8;0;0;0;0;1314;908000000;908000000;0.0;1.0;
1734188009307;1;1;tpc-di;12000.0;12;tpc.di.scheduler.CustomerMgmtUpdateRowWorker#worker#9;15625000;15625000;1;0;1306;909000000;924625000;1.69;1.087;
1734188057466;1;1;tpc-di;24000.0;12;ALL#SCHEDULERS;65265625000;34671875000;0;0;3706291;14089060000000;14154325625000;0.461;220.461;
1734188057466;1;1;tpc-di;24000.0;12;ALL#pdgf.util.caching.experimental.BucketSortOutputFileWriterIMPL$HouseKeeper;13687500000;1937500000;1;1000000;132272;105006000000;118694500000;11.532;47.025;
1734188057466;1;1;tpc-di;24000.0;12;ALL#worker#0;18250000000;17859375000;4;3000000;13272;7172000000;25425000000;71.78;62.367;
1734188057466;1;1;tpc-di;24000.0;12;ALL#worker#1;18171875000;17812500000;8;0;16209;7416000000;25587875000;71.018;62.105;
1734188057466;1;1;tpc-di;24000.0;12;ALL#worker#10;15109375000;14875000000;5;2000000;13348;10158000000;25269375000;59.793;51.807;
1734188057466;1;1;tpc-di;24000.0;12;ALL#worker#11;13937500000;13703125000;4;1000000;13450;11615000000;25553500000;54.542;47.866;
1734188057466;1;1;tpc-di;24000.0;12;ALL#worker#2;17765625000;17296875000;3;1000000;14740;7533000000;25299625000;70.221;60.738;
1734188057466;1;1;tpc-di;24000.0;12;ALL#worker#3;17609375000;17171875000;7;0;14559;8080000000;25689375000;68.547;60.213;
1734188057466;1;1;tpc-di;24000.0;12;ALL#worker#4;16234375000;15875000000;4;0;14380;8144000000;24378375000;66.593;55.59;
1734188057466;1;1;tpc-di;24000.0;12;ALL#worker#5;16671875000;16359375000;1;0;14333;8600000000;25271875000;65.97;57.061;
1734188057466;1;1;tpc-di;24000.0;12;ALL#worker#6;17250000000;16921875000;5;0;14354;9004000000;26254000000;65.704;59.005;
1734188057466;1;1;tpc-di;24000.0;12;ALL#worker#7;16859375000;16640625000;2;0;14166;9432000000;26291375000;64.125;57.691;
1734188057466;1;1;tpc-di;24000.0;12;ALL#worker#8;16250000000;15875000000;3;2000000;13752;9263000000;25515000000;63.688;55.642;
1734188057466;1;1;tpc-di;24000.0;12;ALL#worker#9;16515625000;16078125000;3;0;13558;9469000000;25984625000;63.559;56.535;
1734188057466;1;1;tpc-di;24000.0;12;All#PausedThread;1562500000;500000000;0;0;26650;28221000000;29783500000;5.246;6.254;
1734188057466;1;1;tpc-di;24000.0;12;pdgf.core.dataGenerator.CDCUpdateProducer#ALL;546875000;390625000;0;0;798;145000000;691875000;79.042;2.839;
1734188057466;1;1;tpc-di;24000.0;12;pdgf.core.dataGenerator.CDCUpdateProducer#BatchDate;0;0;0;0;1;0;0;0.0;1.0;
1734188057466;1;1;tpc-di;24000.0;12;pdgf.core.dataGenerator.CDCUpdateProducer#Customer;0;0;0;0;4;0;0;0.0;1.0;
1734188057466;1;1;tpc-di;24000.0;12;pdgf.core.dataGenerator.CDCUpdateProducer#DailyMarket;265625000;218750000;0;0;536;104000000;369625000;71.863;1.893;
1734188057466;1;1;tpc-di;24000.0;12;pdgf.core.dataGenerator.CDCUpdateProducer#WatchHistory;234375000;140625000;0;0;257;41000000;275375000;85.111;1.788;
1734188057466;1;1;tpc-di;24000.0;12;pdgf.core.dataGenerator.scheduler.DbDumpUpdateScheduler#Prospect;0;0;0;0;6;574000000;574000000;0.0;1.0;
1734188057466;1;1;tpc-di;24000.0;12;pdgf.core.dataGenerator.scheduler.DefaultScheduler#Date;0;0;0;0;0;0;0;0.0;1.0;
1734188057466;1;1;tpc-di;24000.0;12;pdgf.core.dataGenerator.scheduler.DefaultScheduler#HR;0;0;0;0;0;0;0;0.0;1.0;
1734188057466;1;1;tpc-di;24000.0;12;pdgf.core.dataGenerator.scheduler.DefaultScheduler#Industry;0;0;0;0;0;0;0;0.0;1.0;
1734188057466;1;1;tpc-di;24000.0;12;pdgf.core.dataGenerator.scheduler.DefaultScheduler#StatusType;0;0;0;0;0;0;0;0.0;1.0;
1734188057466;1;1;tpc-di;24000.0;12;pdgf.core.dataGenerator.scheduler.DefaultScheduler#TaxRate;0;0;0;0;0;0;0;0.0;1.0;
1734188057466;1;1;tpc-di;24000.0;12;pdgf.core.dataGenerator.scheduler.DefaultScheduler#Time;0;0;0;0;0;0;0;0.0;1.0;
1734188057466;1;1;tpc-di;24000.0;12;pdgf.core.dataGenerator.scheduler.DefaultScheduler#TradeType;0;0;0;0;0;0;0;0.0;1.0;
1734188057466;1;1;tpc-di;24000.0;12;pdgf.core.dataGenerator.scheduler.UpdateScheduler#Account;0;0;0;0;4;3000000;3000000;0.0;1.0;
1734188057466;1;1;tpc-di;24000.0;12;pdgf.core.dataGenerator.scheduler.UpdateScheduler#BatchDate;0;0;0;0;6;6000000;6000000;0.0;1.0;
1734188057466;1;1;tpc-di;24000.0;12;pdgf.core.dataGenerator.scheduler.UpdateScheduler#Customer;0;0;0;0;3;4000000;4000000;0.0;1.0;
1734188057466;1;1;tpc-di;24000.0;12;pdgf.core.dataGenerator.scheduler.UpdateScheduler#DailyMarket;1750000000;0;0;0;281971;3647358000000;3649108000000;0.048;6.885;
1734188057466;1;1;tpc-di;24000.0;12;pdgf.core.dataGenerator.scheduler.UpdateScheduler#FINWIRE;4687500000;1750000000;0;0;22571;227497000000;232184500000;2.019;16.762;
1734188057466;1;1;tpc-di;24000.0;12;pdgf.core.dataGenerator.scheduler.UpdateScheduler#TradeSource;52171875000;31203125000;0;0;3266103;9434551000000;9486722875000;0.55;176.433;
1734188057466;1;1;tpc-di;24000.0;12;pdgf.core.dataGenerator.scheduler.UpdateScheduler#WatchHistory;6625000000;1687500000;0;0;135581;779067000000;785692000000;0.843;23.277;
1734188057466;1;1;tpc-di;24000.0;12;pdgf.core.dataGenerator.worker.DbDumpRowWorker#worker#0;406250000;390625000;1;0;56;70000000;476250000;85.302;2.366;
1734188057466;1;1;tpc-di;24000.0;12;pdgf.core.dataGenerator.worker.DbDumpRowWorker#worker#1;359375000;359375000;2;0;53;66000000;425375000;84.484;2.208;
1734188057466;1;1;tpc-di;24000.0;12;pdgf.core.dataGenerator.worker.DbDumpRowWorker#worker#10;390625000;375000000;0;0;58;89000000;479625000;81.444;2.314;
1734188057466;1;1;tpc-di;24000.0;12;pdgf.core.dataGenerator.worker.DbDumpRowWorker#worker#11;390625000;390625000;0;0;57;88000000;478625000;81.614;2.314;
1734188057466;1;1;tpc-di;24000.0;12;pdgf.core.dataGenerator.worker.DbDumpRowWorker#worker#2;468750000;453125000;0;0;66;70000000;538750000;87.007;2.576;
1734188057466;1;1;tpc-di;24000.0;12;pdgf.core.dataGenerator.worker.DbDumpRowWorker#worker#3;421875000;406250000;1;0;59;58000000;479875000;87.914;2.419;
1734188057466;1;1;tpc-di;24000.0;12;pdgf.core.dataGenerator.worker.DbDumpRowWorker#worker#4;390625000;343750000;0;0;54;59000000;449625000;86.878;2.314;
1734188057466;1;1;tpc-di;24000.0;12;pdgf.core.dataGenerator.worker.DbDumpRowWorker#worker#5;375000000;359375000;0;0;57;90000000;465000000;80.645;2.261;
1734188057466;1;1;tpc-di;24000.0;12;pdgf.core.dataGenerator.worker.DbDumpRowWorker#worker#6;437500000;421875000;0;0;58;72000000;509500000;85.868;2.471;
1734188057466;1;1;tpc-di;24000.0;12;pdgf.core.dataGenerator.worker.DbDumpRowWorker#worker#7;421875000;406250000;0;0;52;75000000;496875000;84.906;2.419;
1734188057466;1;1;tpc-di;24000.0;12;pdgf.core.dataGenerator.worker.DbDumpRowWorker#worker#8;390625000;375000000;0;0;64;75000000;465625000;83.893;2.314;
1734188057466;1;1;tpc-di;24000.0;12;pdgf.core.dataGenerator.worker.DbDumpRowWorker#worker#9;468750000;437500000;0;0;61;72000000;540750000;86.685;2.576;
1734188057466;1;1;tpc-di;24000.0;12;pdgf.core.dataGenerator.worker.RowWorker#worker#0;359375000;328125000;0;0;43;111000000;470375000;76.402;2.208;
1734188057466;1;1;tpc-di;24000.0;12;pdgf.core.dataGenerator.worker.RowWorker#worker#1;375000000;328125000;1;0;45;98000000;473000000;79.281;2.261;
1734188057466;1;1;tpc-di;24000.0;12;pdgf.core.dataGenerator.worker.RowWorker#worker#10;453125000;421875000;2;0;43;60000000;513125000;88.307;2.524;
1734188057466;1;1;tpc-di;24000.0;12;pdgf.core.dataGenerator.worker.RowWorker#worker#11;390625000;343750000;0;0;39;85000000;475625000;82.129;2.314;
1734188057466;1;1;tpc-di;24000.0;12;pdgf.core.dataGenerator.worker.RowWorker#worker#2;531250000;500000000;1;0;45;67000000;598250000;88.801;2.786;
1734188057466;1;1;tpc-di;24000.0;12;pdgf.core.dataGenerator.worker.RowWorker#worker#3;375000000;312500000;1;0;45;80000000;455000000;82.418;2.261;
1734188057466;1;1;tpc-di;24000.0;12;pdgf.core.dataGenerator.worker.RowWorker#worker#4;421875000;390625000;1;0;41;68000000;489875000;86.119;2.419;
1734188057466;1;1;tpc-di;24000.0;12;pdgf.core.dataGenerator.worker.RowWorker#worker#5;390625000;343750000;0;0;41;93000000;483625000;80.77;2.314;
1734188057466;1;1;tpc-di;24000.0;12;pdgf.core.dataGenerator.worker.RowWorker#worker#6;390625000;359375000;2;0;42;102000000;492625000;79.295;2.314;
1734188057466;1;1;tpc-di;24000.0;12;pdgf.core.dataGenerator.worker.RowWorker#worker#7;406250000;359375000;1;0;45;83000000;489250000;83.035;2.366;
1734188057466;1;1;tpc-di;24000.0;12;pdgf.core.dataGenerator.worker.RowWorker#worker#8;437500000;421875000;1;0;45;90000000;527500000;82.938;2.471;
1734188057466;1;1;tpc-di;24000.0;12;pdgf.core.dataGenerator.worker.RowWorker#worker#9;421875000;406250000;0;0;43;74000000;495875000;85.077;2.419;
1734188057466;1;1;tpc-di;24000.0;12;pdgf.core.dataGenerator.worker.UpdateRowWorker#worker#0;16937500000;16625000000;2;3000000;12142;6710000000;23650500000;71.616;57.954;
1734188057466;1;1;tpc-di;24000.0;12;pdgf.core.dataGenerator.worker.UpdateRowWorker#worker#1;17031250000;16812500000;3;0;14708;6857000000;23888250000;71.296;58.269;
1734188057466;1;1;tpc-di;24000.0;12;pdgf.core.dataGenerator.worker.UpdateRowWorker#worker#10;14234375000;14062500000;2;2000000;11939;9194000000;23430375000;60.752;48.864;
1734188057466;1;1;tpc-di;24000.0;12;pdgf.core.dataGenerator.worker.UpdateRowWorker#worker#11;13140625000;12953125000;1;0;12047;10636000000;23776625000;55.267;45.187;
1734188057466;1;1;tpc-di;24000.0;12;pdgf.core.dataGenerator.worker.UpdateRowWorker#worker#2;16500000000;16140625000;2;1000000;13290;6860000000;23361000000;70.631;56.483;
1734188057466;1;1;tpc-di;24000.0;12;pdgf.core.dataGenerator.worker.UpdateRowWorker#worker#3;16812500000;16453125000;4;0;13134;7179000000;23991500000;70.077;57.534;
1734188057466;1;1;tpc-di;24000.0;12;pdgf.core.dataGenerator.worker.UpdateRowWorker#worker#4;15421875000;15140625000;1;0;12972;7218000000;22639875000;68.118;52.857;
1734188057466;1;1;tpc-di;24000.0;12;pdgf.core.dataGenerator.worker.UpdateRowWorker#worker#5;15906250000;15656250000;1;0;12917;7613000000;23519250000;67.631;54.486;
1734188057466;1;1;tpc-di;24000.0;12;pdgf.core.dataGenerator.worker.UpdateRowWorker#worker#6;16406250000;16140625000;2;0;12936;8022000000;24428250000;67.161;56.167;
1734188057466;1;1;tpc-di;24000.0;12;pdgf.core.dataGenerator.worker.UpdateRowWorker#worker#7;16031250000;15875000000;1;0;12754;8462000000;24493250000;65.452;54.906;
1734188057466;1;1;tpc-di;24000.0;12;pdgf.core.dataGenerator.worker.UpdateRowWorker#worker#8;15390625000;15062500000;1;2000000;12327;8285000000;23677625000;65.001;52.752;
1734188057466;1;1;tpc-di;24000.0;12;pdgf.core.dataGenerator.worker.UpdateRowWorker#worker#9;15625000000;15234375000;2;0;12142;8508000000;24133000000;64.745;53.54;
1734188057466;1;1;tpc-di;24000.0;12;tpc.di.CustomerAccountBlackBox$CustomerAccountUpdateProducer#ALL;0;0;0;0;1;0;0;0.0;1.0;
1734188057466;1;1;tpc-di;24000.0;12;tpc.di.CustomerAccountBlackBox$CustomerAccountUpdateProducer#Account;0;0;0;0;1;0;0;0.0;1.0;
1734188057466;1;1;tpc-di;24000.0;12;tpc.di.MergeUpdateBlackBox$MergeUpdateProducer#FINWIRE;31250000;31250000;0;0;148;357000000;388250000;8.049;1.105;
1734188057466;1;1;tpc-di;24000.0;12;tpc.di.TradeSourceUpdateBlackBox$TradeSourceUpdateProducer#ALL;296875000;156250000;0;0;1209;1034000000;1330875000;22.307;1.998;
1734188057466;1;1;tpc-di;24000.0;12;tpc.di.TradeSourceUpdateBlackBox$TradeSourceUpdateProducer#TradeSource;281250000;156250000;0;0;1209;1034000000;1315250000;21.384;1.946;
1734188057466;1;1;tpc-di;24000.0;12;tpc.di.scheduler.CustomerMgmtScheduler#CustomerMgmt;15625000;15625000;0;0;46;0;15625000;100.0;1.053;
1734188057466;1;1;tpc-di;24000.0;12;tpc.di.scheduler.CustomerMgmtUpdateRowWorker#worker#0;546875000;515625000;0;0;1031;281000000;827875000;66.058;2.839;
1734188057466;1;1;tpc-di;24000.0;12;tpc.di.scheduler.CustomerMgmtUpdateRowWorker#worker#1;406250000;312500000;1;0;1403;395000000;801250000;50.702;2.366;
1734188057466;1;1;tpc-di;24000.0;12;tpc.di.scheduler.CustomerMgmtUpdateRowWorker#worker#10;31250000;15625000;0;0;1308;815000000;846250000;3.693;1.105;
1734188057466;1;1;tpc-di;24000.0;12;tpc.di.scheduler.CustomerMgmtUpdateRowWorker#worker#11;15625000;15625000;2;0;1307;806000000;821625000;1.902;1.053;
1734188057466;1;1;tpc-di;24000.0;12;tpc.di.scheduler.CustomerMgmtUpdateRowWorker#worker#2;265625000;203125000;0;0;1339;536000000;801625000;33.136;1.893;
1734188057466;1;1;tpc-di;24000.0;12;tpc.di.scheduler.CustomerMgmtUpdateRowWorker#worker#3;0;0;1;0;1321;763000000;763000000;0.0;1.0;
1734188057466;1;1;tpc-di;24000.0;12;tpc.di.scheduler.CustomerMgmtUpdateRowWorker#worker#4;0;0;1;0;1313;799000000;799000000;0.0;1.0;
1734188057466;1;1;tpc-di;24000.0;12;tpc.di.scheduler.CustomerMgmtUpdateRowWorker#worker#5;0;0;0;0;1318;804000000;804000000;0.0;1.0;
1734188057466;1;1;tpc-di;24000.0;12;tpc.di.scheduler.CustomerMgmtUpdateRowWorker#worker#6;15625000;0;0;0;1318;808000000;823625000;1.897;1.053;
1734188057466;1;1;tpc-di;24000.0;12;tpc.di.scheduler.CustomerMgmtUpdateRowWorker#worker#7;0;0;0;0;1315;812000000;812000000;0.0;1.0;
1734188057466;1;1;tpc-di;24000.0;12;tpc.di.scheduler.CustomerMgmtUpdateRowWorker#worker#8;31250000;15625000;0;0;1316;813000000;844250000;3.702;1.105;
1734188057466;1;1;tpc-di;24000.0;12;tpc.di.scheduler.CustomerMgmtUpdateRowWorker#worker#9;0;0;0;0;1312;815000000;815000000;0.0;1.0;
1734188105117;1;1;tpc-di;24000.0;12;ALL#SCHEDULERS;210000000000;99093750000;0;0;3739514;14370780000000;14580780000000;1.44;698.698;
1734188105117;1;1;tpc-di;24000.0;12;ALL#pdgf.util.caching.experimental.BucketSortOutputFileWriterIMPL$HouseKeeper;14156250000;2593750000;0;0;127812;109879000000;124035250000;11.413;48.032;
1734188105117;1;1;tpc-di;24000.0;12;ALL#worker#0;19453125000;19109375000;2;0;13155;7136000000;26589125000;73.162;65.63;
1734188105117;1;1;tpc-di;24000.0;12;ALL#worker#1;19234375000;18906250000;5;5000000;15879;7502000000;26741375000;71.927;64.904;
1734188105117;1;1;tpc-di;24000.0;12;ALL#worker#10;15734375000;15312500000;1;0;13170;10379000000;26113375000;60.254;53.275;
1734188105117;1;1;tpc-di;24000.0;12;ALL#worker#11;14718750000;14328125000;5;10000000;13271;11641000000;26369750000;55.817;49.901;
1734188105117;1;1;tpc-di;24000.0;12;ALL#worker#2;18953125000;18703125000;7;0;14522;7647000000;26600125000;71.252;63.969;
1734188105117;1;1;tpc-di;24000.0;12;ALL#worker#3;18718750000;18359375000;4;1000000;14355;8033000000;26752750000;69.969;63.191;
1734188105117;1;1;tpc-di;24000.0;12;ALL#worker#4;17703125000;17390625000;3;0;14178;8200000000;25903125000;68.344;59.816;
1734188105117;1;1;tpc-di;24000.0;12;ALL#worker#5;17609375000;17250000000;3;1000000;14104;8556000000;26166375000;67.298;59.505;
1734188105117;1;1;tpc-di;24000.0;12;ALL#worker#6;18156250000;17953125000;3;0;14158;9081000000;27237250000;66.66;61.322;
1734188105117;1;1;tpc-di;24000.0;12;ALL#worker#7;18140625000;17953125000;6;5000000;13931;9495000000;27640625000;65.63;61.27;
1734188105117;1;1;tpc-di;24000.0;12;ALL#worker#8;17234375000;16796875000;2;1000000;13599;9323000000;26558375000;64.892;58.259;
1734188105117;1;1;tpc-di;24000.0;12;ALL#worker#9;17375000000;17015625000;2;0;13495;9687000000;27062000000;64.204;58.726;
1734188105117;1;1;tpc-di;24000.0;12;All#PausedThread;1421875000;578125000;0;0;24997;28537000000;29958875000;4.746;5.724;
1734188105117;1;1;tpc-di;24000.0;12;pdgf.core.dataGenerator.CDCUpdateProducer#ALL;453125000;109375000;0;0;884;156000000;609125000;74.389;2.505;
1734188105117;1;1;tpc-di;24000.0;12;pdgf.core.dataGenerator.CDCUpdateProducer#BatchDate;0;0;0;0;3;0;0;0.0;1.0;
1734188105117;1;1;tpc-di;24000.0;12;pdgf.core.dataGenerator.CDCUpdateProducer#Customer;0;0;0;0;0;0;0;0.0;1.0;
1734188105117;1;1;tpc-di;24000.0;12;pdgf.core.dataGenerator.CDCUpdateProducer#DailyMarket;265625000;31250000;0;0;598;125000000;390625000;68.0;1.883;
1734188105117;1;1;tpc-di;24000.0;12;pdgf.core.dataGenerator.CDCUpdateProducer#WatchHistory;171875000;78125000;0;0;283;31000000;202875000;84.72;1.571;
1734188105117;1;1;tpc-di;24000.0;12;pdgf.core.dataGenerator.scheduler.DbDumpUpdateScheduler#Prospect;0;0;0;0;6;684000000;684000000;0.0;1.0;
1734188105117;1;1;tpc-di;24000.0;12;pdgf.core.dataGenerator.scheduler.DefaultScheduler#Date;0;0;0;0;0;0;0;0.0;1.0;
1734188105117;1;1;tpc-di;24000.0;12;pdgf.core.dataGenerator.scheduler.DefaultScheduler#HR;0;0;0;0;0;0;0;0.0;1.0;
1734188105117;1;1;tpc-di;24000.0;12;pdgf.core.dataGenerator.scheduler.DefaultScheduler#Industry;0;0;0;0;0;0;0;0.0;1.0;
1734188105117;1;1;tpc-di;24000.0;12;pdgf.core.dataGenerator.scheduler.DefaultScheduler#StatusType;0;0;0;0;0;0;0;0.0;1.0;
1734188105117;1;1;tpc-di;24000.0;12;pdgf.core.dataGenerator.scheduler.DefaultScheduler#TaxRate;0;0;0;0;0;0;0;0.0;1.0;
1734188105117;1;1;tpc-di;24000.0;12;pdgf.core.dataGenerator.scheduler.DefaultScheduler#Time;0;0;0;0;0;0;0;0.0;1.0;
1734188105117;1;1;tpc-di;24000.0;12;pdgf.core.dataGenerator.scheduler.DefaultScheduler#TradeType;0;0;0;0;0;0;0;0.0;1.0;
1734188105117;1;1;tpc-di;24000.0;12;pdgf.core.dataGenerator.scheduler.UpdateScheduler#Account;0;0;0;0;3;4000000;4000000;0.0;1.0;
1734188105117;1;1;tpc-di;24000.0;12;pdgf.core.dataGenerator.scheduler.UpdateScheduler#BatchDate;0;0;0;0;6;9000000;9000000;0.0;1.0;
1734188105117;1;1;tpc-di;24000.0;12;pdgf.core.dataGenerator.scheduler.UpdateScheduler#Customer;0;0;0;0;3;3000000;3000000;0.0;1.0;
1734188105117;1;1;tpc-di;24000.0;12;pdgf.core.dataGenerator.scheduler.UpdateScheduler#DailyMarket;27718750000;12140625000;0;0;290062;3847671000000;3875389750000;0.715;93.092;
1734188105117;1;1;tpc-di;24000.0;12;pdgf.core.dataGenerator.scheduler.UpdateScheduler#FINWIRE;796875000;0;0;0;22550;218330000000;219126875000;0.364;3.648;
1734188105117;1;1;tpc-di;24000.0;12;pdgf.core.dataGenerator.scheduler.UpdateScheduler#TradeSource;171125000000;76656250000;0;0;3284046;9562503000000;9733628000000;1.758;569.54;
1734188105117;1;1;tpc-di;24000.0;12;pdgf.core.dataGenerator.scheduler.UpdateScheduler#WatchHistory;10281250000;10281250000;0;0;142768;741576000000;751857250000;1.367;35.158;
1734188105117;1;1;tpc-di;24000.0;12;pdgf.core.dataGenerator.worker.DbDumpRowWorker#worker#0;453125000;453125000;0;0;50;89000000;542125000;83.583;2.505;
1734188105117;1;1;tpc-di;24000.0;12;pdgf.core.dataGenerator.worker.DbDumpRowWorker#worker#1;437500000;421875000;0;0;50;92000000;529500000;82.625;2.454;
1734188105117;1;1;tpc-di;24000.0;12;pdgf.core.dataGenerator.worker.DbDumpRowWorker#worker#10;406250000;375000000;0;0;49;107000000;513250000;79.152;2.35;
1734188105117;1;1;tpc-di;24000.0;12;pdgf.core.dataGenerator.worker.DbDumpRowWorker#worker#11;390625000;359375000;1;0;52;99000000;489625000;79.78;2.298;
1734188105117;1;1;tpc-di;24000.0;12;pdgf.core.dataGenerator.worker.DbDumpRowWorker#worker#2;468750000;468750000;1;0;52;96000000;564750000;83.001;2.557;
1734188105117;1;1;tpc-di;24000.0;12;pdgf.core.dataGenerator.worker.DbDumpRowWorker#worker#3;468750000;437500000;1;0;53;144000000;612750000;76.499;2.557;
1734188105117;1;1;tpc-di;24000.0;12;pdgf.core.dataGenerator.worker.DbDumpRowWorker#worker#4;468750000;453125000;1;0;51;108000000;576750000;81.274;2.557;
1734188105117;1;1;tpc-di;24000.0;12;pdgf.core.dataGenerator.worker.DbDumpRowWorker#worker#5;453125000;421875000;2;0;50;121000000;574125000;78.924;2.505;
1734188105117;1;1;tpc-di;24000.0;12;pdgf.core.dataGenerator.worker.DbDumpRowWorker#worker#6;343750000;328125000;2;0;52;91000000;434750000;79.068;2.142;
1734188105117;1;1;tpc-di;24000.0;12;pdgf.core.dataGenerator.worker.DbDumpRowWorker#worker#7;375000000;359375000;2;0;48;128000000;503000000;74.553;2.246;
1734188105117;1;1;tpc-di;24000.0;12;pdgf.core.dataGenerator.worker.DbDumpRowWorker#worker#8;343750000;312500000;0;0;53;104000000;447750000;76.773;2.142;
1734188105117;1;1;tpc-di;24000.0;12;pdgf.core.dataGenerator.worker.DbDumpRowWorker#worker#9;390625000;343750000;0;0;60;128000000;518625000;75.319;2.298;
1734188105117;1;1;tpc-di;24000.0;12;pdgf.core.dataGenerator.worker.RowWorker#worker#0;406250000;375000000;0;0;44;73000000;479250000;84.768;2.35;
1734188105117;1;1;tpc-di;24000.0;12;pdgf.core.dataGenerator.worker.RowWorker#worker#1;281250000;250000000;0;0;43;117000000;398250000;70.621;1.934;
1734188105117;1;1;tpc-di;24000.0;12;pdgf.core.dataGenerator.worker.RowWorker#worker#10;421875000;375000000;1;0;42;61000000;482875000;87.367;2.402;
1734188105117;1;1;tpc-di;24000.0;12;pdgf.core.dataGenerator.worker.RowWorker#worker#11;250000000;218750000;1;0;45;74000000;324000000;77.16;1.831;
1734188105117;1;1;tpc-di;24000.0;12;pdgf.core.dataGenerator.worker.RowWorker#worker#2;281250000;265625000;1;0;46;92000000;373250000;75.352;1.934;
1734188105117;1;1;tpc-di;24000.0;12;pdgf.core.dataGenerator.worker.RowWorker#worker#3;453125000;437500000;1;0;43;63000000;516125000;87.794;2.505;
1734188105117;1;1;tpc-di;24000.0;12;pdgf.core.dataGenerator.worker.RowWorker#worker#4;343750000;281250000;1;0;44;58000000;401750000;85.563;2.142;
1734188105117;1;1;tpc-di;24000.0;12;pdgf.core.dataGenerator.worker.RowWorker#worker#5;343750000;328125000;0;0;41;57000000;400750000;85.777;2.142;
1734188105117;1;1;tpc-di;24000.0;12;pdgf.core.dataGenerator.worker.RowWorker#worker#6;406250000;375000000;1;0;44;55000000;461250000;88.076;2.35;
1734188105117;1;1;tpc-di;24000.0;12;pdgf.core.dataGenerator.worker.RowWorker#worker#7;250000000;218750000;1;0;44;111000000;361000000;69.252;1.831;
1734188105117;1;1;tpc-di;24000.0;12;pdgf.core.dataGenerator.worker.RowWorker#worker#8;406250000;375000000;1;0;38;80000000;486250000;83.548;2.35;
1734188105117;1;1;tpc-di;24000.0;12;pdgf.core.dataGenerator.worker.RowWorker#worker#9;484375000;484375000;1;0;41;55000000;539375000;89.803;2.609;
1734188105117;1;1;tpc-di;24000.0;12;pdgf.core.dataGenerator.worker.UpdateRowWorker#worker#0;18031250000;17812500000;2;0;11978;6660000000;24691250000;73.027;60.906;
1734188105117;1;1;tpc-di;24000.0;12;pdgf.core.dataGenerator.worker.UpdateRowWorker#worker#1;18046875000;17796875000;5;5000000;14406;6888000000;24939875000;72.362;60.958;
1734188105117;1;1;tpc-di;24000.0;12;pdgf.core.dataGenerator.worker.UpdateRowWorker#worker#10;14890625000;14562500000;0;0;11769;9353000000;24243625000;61.421;50.472;
1734188105117;1;1;tpc-di;24000.0;12;pdgf.core.dataGenerator.worker.UpdateRowWorker#worker#11;14046875000;13734375000;3;10000000;11865;10609000000;24665875000;56.949;47.669;
1734188105117;1;1;tpc-di;24000.0;12;pdgf.core.dataGenerator.worker.UpdateRowWorker#worker#2;17906250000;17765625000;3;0;13089;6881000000;24787250000;72.24;60.491;
1734188105117;1;1;tpc-di;24000.0;12;pdgf.core.dataGenerator.worker.UpdateRowWorker#worker#3;17734375000;17453125000;1;1000000;12941;7026000000;24761375000;71.621;59.92;
1734188105117;1;1;tpc-di;24000.0;12;pdgf.core.dataGenerator.worker.UpdateRowWorker#worker#4;16843750000;16640625000;0;0;12764;7207000000;24050750000;70.034;56.961;
1734188105117;1;1;tpc-di;24000.0;12;pdgf.core.dataGenerator.worker.UpdateRowWorker#worker#5;16796875000;16484375000;1;1000000;12697;7540000000;24337875000;69.015;56.805;
1734188105117;1;1;tpc-di;24000.0;12;pdgf.core.dataGenerator.worker.UpdateRowWorker#worker#6;17406250000;17250000000;0;0;12744;8092000000;25498250000;68.264;58.83;
1734188105117;1;1;tpc-di;24000.0;12;pdgf.core.dataGenerator.worker.UpdateRowWorker#worker#7;17500000000;17359375000;2;5000000;12524;8398000000;25903000000;67.56;59.141;
1734188105117;1;1;tpc-di;24000.0;12;pdgf.core.dataGenerator.worker.UpdateRowWorker#worker#8;16468750000;16093750000;1;1000000;12198;8298000000;24767750000;66.493;55.715;
1734188105117;1;1;tpc-di;24000.0;12;pdgf.core.dataGenerator.worker.UpdateRowWorker#worker#9;16468750000;16156250000;0;0;12085;8645000000;25113750000;65.577;55.715;
1734188105117;1;1;tpc-di;24000.0;12;tpc.di.CustomerAccountBlackBox$CustomerAccountUpdateProducer#ALL;15625000;0;0;0;2;0;15625000;100.0;1.052;
1734188105117;1;1;tpc-di;24000.0;12;tpc.di.CustomerAccountBlackBox$CustomerAccountUpdateProducer#Account;0;0;0;0;2;0;0;0.0;1.0;
1734188105117;1;1;tpc-di;24000.0;12;tpc.di.MergeUpdateBlackBox$MergeUpdateProducer#FINWIRE;15625000;0;0;0;179;304000000;319625000;4.889;1.052;
1734188105117;1;1;tpc-di;24000.0;12;tpc.di.TradeSourceUpdateBlackBox$TradeSourceUpdateProducer#ALL;406250000;156250000;0;0;1214;1172000000;1578250000;25.741;2.35;
1734188105117;1;1;tpc-di;24000.0;12;tpc.di.TradeSourceUpdateBlackBox$TradeSourceUpdateProducer#TradeSource;375000000;140625000;0;0;1214;1172000000;1547000000;24.24;2.246;
1734188105117;1;1;tpc-di;24000.0;12;tpc.di.scheduler.CustomerMgmtScheduler#CustomerMgmt;62500000;0;0;0;70;0;62500000;100.0;1.208;
1734188105117;1;1;tpc-di;24000.0;12;tpc.di.scheduler.CustomerMgmtUpdateRowWorker#worker#0;562500000;468750000;0;0;1083;314000000;876500000;64.176;2.869;
1734188105117;1;1;tpc-di;24000.0;12;tpc.di.scheduler.CustomerMgmtUpdateRowWorker#worker#1;468750000;437500000;0;0;1380;405000000;873750000;53.648;2.557;
1734188105117;1;1;tpc-di;24000.0;12;tpc.di.scheduler.CustomerMgmtUpdateRowWorker#worker#10;15625000;0;0;0;1310;858000000;873625000;1.789;1.052;
1734188105117;1;1;tpc-di;24000.0;12;tpc.di.scheduler.CustomerMgmtUpdateRowWorker#worker#11;31250000;15625000;0;0;1309;859000000;890250000;3.51;1.104;
1734188105117;1;1;tpc-di;24000.0;12;tpc.di.scheduler.CustomerMgmtUpdateRowWorker#worker#2;296875000;203125000;2;0;1335;578000000;874875000;33.933;1.986;
1734188105117;1;1;tpc-di;24000.0;12;tpc.di.scheduler.CustomerMgmtUpdateRowWorker#worker#3;62500000;31250000;1;0;1318;800000000;862500000;7.246;1.208;
1734188105117;1;1;tpc-di;24000.0;12;tpc.di.scheduler.CustomerMgmtUpdateRowWorker#worker#4;46875000;15625000;0;0;1319;827000000;873875000;5.364;1.156;
1734188105117;1;1;tpc-di;24000.0;12;tpc.di.scheduler.CustomerMgmtUpdateRowWorker#worker#5;15625000;15625000;0;0;1316;838000000;853625000;1.83;1.052;
1734188105117;1;1;tpc-di;24000.0;12;tpc.di.scheduler.CustomerMgmtUpdateRowWorker#worker#6;0;0;0;0;1318;843000000;843000000;0.0;1.0;
1734188105117;1;1;tpc-di;24000.0;12;tpc.di.scheduler.CustomerMgmtUpdateRowWorker#worker#7;15625000;15625000;0;0;1315;858000000;873625000;1.789;1.052;
1734188105117;1;1;tpc-di;24000.0;12;tpc.di.scheduler.CustomerMgmtUpdateRowWorker#worker#8;15625000;15625000;0;0;1310;841000000;856625000;1.824;1.052;
1734188105117;1;1;tpc-di;24000.0;12;tpc.di.scheduler.CustomerMgmtUpdateRowWorker#worker#9;31250000;31250000;1;0;1309;859000000;890250000;3.51;1.104;
1734188129946;1;1;tpc-di;12000.0;12;ALL#SCHEDULERS;231671875000;165140625000;0;0;3799199;8727526000000;8959197875000;2.586;1288.638;
1734188129946;1;1;tpc-di;12000.0;12;ALL#pdgf.util.caching.experimental.BucketSortOutputFileWriterIMPL$HouseKeeper;10890625000;1765625000;0;0;119085;66403000000;77293625000;14.09;61.53;
1734188129946;1;1;tpc-di;12000.0;12;ALL#worker#0;11140625000;11031250000;5;3000000;11761;5510000000;16653625000;66.896;62.92;
1734188129946;1;1;tpc-di;12000.0;12;ALL#worker#1;10890625000;10578125000;6;2000000;13444;5930000000;16822625000;64.738;61.53;
1734188129946;1;1;tpc-di;12000.0;12;ALL#worker#10;8046875000;7812500000;3;0;12024;8672000000;16718875000;48.13;45.725;
1734188129946;1;1;tpc-di;12000.0;12;ALL#worker#11;6515625000;6296875000;0;0;12231;10197000000;16712625000;38.986;37.214;
1734188129946;1;1;tpc-di;12000.0;12;ALL#worker#2;10375000000;10171875000;5;1000000;13140;6207000000;16583000000;62.564;58.665;
1734188129946;1;1;tpc-di;12000.0;12;ALL#worker#3;10015625000;9750000000;3;0;12939;6280000000;16295625000;61.462;56.667;
1734188129946;1;1;tpc-di;12000.0;12;ALL#worker#4;9750000000;9640625000;2;0;12431;6239000000;15989000000;60.979;55.191;
1734188129946;1;1;tpc-di;12000.0;12;ALL#worker#5;10125000000;9937500000;1;0;12159;6333000000;16458000000;61.52;57.275;
1734188129946;1;1;tpc-di;12000.0;12;ALL#worker#6;10468750000;10156250000;4;4000000;12162;6476000000;16948750000;61.767;59.186;
1734188129946;1;1;tpc-di;12000.0;12;ALL#worker#7;10031250000;9859375000;3;0;12085;6782000000;16813250000;59.663;56.754;
1734188129946;1;1;tpc-di;12000.0;12;ALL#worker#8;9593750000;9312500000;1;0;12010;7058000000;16651750000;57.614;54.322;
1734188129946;1;1;tpc-di;12000.0;12;ALL#worker#9;8937500000;8734375000;1;0;11996;7532000000;16469500000;54.267;50.675;
1734188129946;1;1;tpc-di;12000.0;12;All#PausedThread;1500000000;390625000;1;0;18652;16570000000;18070000000;8.301;9.337;
1734188129946;1;1;tpc-di;12000.0;12;pdgf.core.dataGenerator.CDCUpdateProducer#ALL;312500000;171875000;0;0;783;752000000;1064500000;29.357;2.737;
1734188129946;1;1;tpc-di;12000.0;12;pdgf.core.dataGenerator.CDCUpdateProducer#BatchDate;0;0;0;0;1;0;0;0.0;1.0;
1734188129946;1;1;tpc-di;12000.0;12;pdgf.core.dataGenerator.CDCUpdateProducer#Customer;0;0;0;0;0;0;0;0.0;1.0;
1734188129946;1;1;tpc-di;12000.0;12;pdgf.core.dataGenerator.CDCUpdateProducer#DailyMarket;171875000;78125000;0;0;559;623000000;794875000;21.623;1.955;
1734188129946;1;1;tpc-di;12000.0;12;pdgf.core.dataGenerator.CDCUpdateProducer#WatchHistory;125000000;78125000;0;0;223;129000000;254000000;49.213;1.695;
1734188129946;1;1;tpc-di;12000.0;12;pdgf.core.dataGenerator.scheduler.DbDumpUpdateScheduler#Prospect;0;0;0;0;6;366000000;366000000;0.0;1.0;
1734188129946;1;1;tpc-di;12000.0;12;pdgf.core.dataGenerator.scheduler.DefaultScheduler#Date;0;0;0;0;0;0;0;0.0;1.0;
1734188129946;1;1;tpc-di;12000.0;12;pdgf.core.dataGenerator.scheduler.DefaultScheduler#HR;0;0;0;0;0;0;0;0.0;1.0;
1734188129946;1;1;tpc-di;12000.0;12;pdgf.core.dataGenerator.scheduler.DefaultScheduler#Industry;0;0;0;0;0;0;0;0.0;1.0;
1734188129946;1;1;tpc-di;12000.0;12;pdgf.core.dataGenerator.scheduler.DefaultScheduler#StatusType;0;0;0;0;0;0;0;0.0;1.0;
1734188129946;1;1;tpc-di;12000.0;12;pdgf.core.dataGenerator.scheduler.DefaultScheduler#TaxRate;0;0;0;0;0;0;0;0.0;1.0;
1734188129946;1;1;tpc-di;12000.0;12;pdgf.core.dataGenerator.scheduler.DefaultScheduler#Time;0;0;0;0;0;0;0;0.0;1.0;
1734188129946;1;1;tpc-di;12000.0;12;pdgf.core.dataGenerator.scheduler.DefaultScheduler#TradeType;0;0;0;0;0;0;0;0.0;1.0;
1734188129946;1;1;tpc-di;12000.0;12;pdgf.core.dataGenerator.scheduler.UpdateScheduler#Account;0;0;0;0;3;4000000;4000000;0.0;1.0;
1734188129946;1;1;tpc-di;12000.0;12;pdgf.core.dataGenerator.scheduler.UpdateScheduler#BatchDate;0;0;0;0;6;6000000;6000000;0.0;1.0;
1734188129946;1;1;tpc-di;12000.0;12;pdgf.core.dataGenerator.scheduler.UpdateScheduler#Customer;0;0;0;0;3;4000000;4000000;0.0;1.0;
1734188129946;1;1;tpc-di;12000.0;12;pdgf.core.dataGenerator.scheduler.UpdateScheduler#DailyMarket;25312500000;8359375000;0;0;293453;1936030000000;1961342500000;1.291;141.688;
1734188129946;1;1;tpc-di;12000.0;12;pdgf.core.dataGenerator.scheduler.UpdateScheduler#FINWIRE;0;0;0;0;23699;144915000000;144915000000;0.0;1.0;
1734188129946;1;1;tpc-di;12000.0;12;pdgf.core.dataGenerator.scheduler.UpdateScheduler#TradeSource;206281250000;156734375000;0;0;3314090;6184306000000;6390587250000;3.228;1147.517;
1734188129946;1;1;tpc-di;12000.0;12;pdgf.core.dataGenerator.scheduler.UpdateScheduler#WatchHistory;0;0;0;0;167918;461895000000;461895000000;0.0;1.0;
1734188129946;1;1;tpc-di;12000.0;12;pdgf.core.dataGenerator.worker.DbDumpRowWorker#worker#0;281250000;234375000;1;0;38;45000000;326250000;86.207;2.563;
1734188129946;1;1;tpc-di;12000.0;12;pdgf.core.dataGenerator.worker.DbDumpRowWorker#worker#1;281250000;265625000;2;0;39;75000000;356250000;78.947;2.563;
1734188129946;1;1;tpc-di;12000.0;12;pdgf.core.dataGenerator.worker.DbDumpRowWorker#worker#10;265625000;234375000;0;0;38;79000000;344625000;77.077;2.476;
1734188129946;1;1;tpc-di;12000.0;12;pdgf.core.dataGenerator.worker.DbDumpRowWorker#worker#11;250000000;234375000;0;0;41;59000000;309000000;80.906;2.39;
1734188129946;1;1;tpc-di;12000.0;12;pdgf.core.dataGenerator.worker.DbDumpRowWorker#worker#2;281250000;281250000;0;0;34;63000000;344250000;81.699;2.563;
1734188129946;1;1;tpc-di;12000.0;12;pdgf.core.dataGenerator.worker.DbDumpRowWorker#worker#3;265625000;250000000;0;0;33;75000000;340625000;77.982;2.476;
1734188129946;1;1;tpc-di;12000.0;12;pdgf.core.dataGenerator.worker.DbDumpRowWorker#worker#4;296875000;281250000;0;0;41;57000000;353875000;83.893;2.65;
1734188129946;1;1;tpc-di;12000.0;12;pdgf.core.dataGenerator.worker.DbDumpRowWorker#worker#5;265625000;234375000;0;0;41;57000000;322625000;82.332;2.476;
1734188129946;1;1;tpc-di;12000.0;12;pdgf.core.dataGenerator.worker.DbDumpRowWorker#worker#6;234375000;203125000;0;0;37;79000000;313375000;74.791;2.303;
1734188129946;1;1;tpc-di;12000.0;12;pdgf.core.dataGenerator.worker.DbDumpRowWorker#worker#7;203125000;203125000;0;0;38;70000000;273125000;74.371;2.129;
1734188129946;1;1;tpc-di;12000.0;12;pdgf.core.dataGenerator.worker.DbDumpRowWorker#worker#8;171875000;156250000;0;0;36;104000000;275875000;62.302;1.955;
1734188129946;1;1;tpc-di;12000.0;12;pdgf.core.dataGenerator.worker.DbDumpRowWorker#worker#9;156250000;156250000;0;0;37;67000000;223250000;69.989;1.868;
1734188129946;1;1;tpc-di;12000.0;12;pdgf.core.dataGenerator.worker.RowWorker#worker#0;390625000;375000000;0;0;31;40000000;430625000;90.711;3.171;
1734188129946;1;1;tpc-di;12000.0;12;pdgf.core.dataGenerator.worker.RowWorker#worker#1;406250000;343750000;1;0;32;43000000;449250000;90.428;3.258;
1734188129946;1;1;tpc-di;12000.0;12;pdgf.core.dataGenerator.worker.RowWorker#worker#10;437500000;375000000;0;0;31;91000000;528500000;82.781;3.432;
1734188129946;1;1;tpc-di;12000.0;12;pdgf.core.dataGenerator.worker.RowWorker#worker#11;343750000;328125000;0;0;30;63000000;406750000;84.511;2.911;
1734188129946;1;1;tpc-di;12000.0;12;pdgf.core.dataGenerator.worker.RowWorker#worker#2;312500000;265625000;1;0;31;69000000;381500000;81.913;2.737;
1734188129946;1;1;tpc-di;12000.0;12;pdgf.core.dataGenerator.worker.RowWorker#worker#3;406250000;375000000;1;0;30;62000000;468250000;86.759;3.258;
1734188129946;1;1;tpc-di;12000.0;12;pdgf.core.dataGenerator.worker.RowWorker#worker#4;296875000;265625000;0;0;31;69000000;365875000;81.141;2.65;
1734188129946;1;1;tpc-di;12000.0;12;pdgf.core.dataGenerator.worker.RowWorker#worker#5;421875000;406250000;1;0;30;52000000;473875000;89.027;3.345;
1734188129946;1;1;tpc-di;12000.0;12;pdgf.core.dataGenerator.worker.RowWorker#worker#6;359375000;328125000;2;0;29;46000000;405375000;88.652;2.997;
1734188129946;1;1;tpc-di;12000.0;12;pdgf.core.dataGenerator.worker.RowWorker#worker#7;281250000;250000000;1;0;30;85000000;366250000;76.792;2.563;
1734188129946;1;1;tpc-di;12000.0;12;pdgf.core.dataGenerator.worker.RowWorker#worker#8;328125000;281250000;0;0;29;57000000;385125000;85.2;2.824;
1734188129946;1;1;tpc-di;12000.0;12;pdgf.core.dataGenerator.worker.RowWorker#worker#9;437500000;406250000;0;0;28;44000000;481500000;90.862;3.432;
1734188129946;1;1;tpc-di;12000.0;12;pdgf.core.dataGenerator.worker.UpdateRowWorker#worker#0;10093750000;10046875000;2;3000000;10752;5168000000;15264750000;66.125;57.101;
1734188129946;1;1;tpc-di;12000.0;12;pdgf.core.dataGenerator.worker.UpdateRowWorker#worker#1;10031250000;9859375000;2;2000000;12022;5278000000;15311250000;65.516;56.754;
1734188129946;1;1;tpc-di;12000.0;12;pdgf.core.dataGenerator.worker.UpdateRowWorker#worker#10;7328125000;7203125000;0;0;10642;7823000000;15151125000;48.367;41.73;
1734188129946;1;1;tpc-di;12000.0;12;pdgf.core.dataGenerator.worker.UpdateRowWorker#worker#11;5921875000;5734375000;0;0;10855;9394000000;15315875000;38.665;33.914;
1734188129946;1;1;tpc-di;12000.0;12;pdgf.core.dataGenerator.worker.UpdateRowWorker#worker#2;9750000000;9593750000;1;1000000;11758;5435000000;15186000000;64.204;55.191;
1734188129946;1;1;tpc-di;12000.0;12;pdgf.core.dataGenerator.worker.UpdateRowWorker#worker#3;9281250000;9109375000;1;0;11563;5474000000;14755250000;62.901;52.585;
1734188129946;1;1;tpc-di;12000.0;12;pdgf.core.dataGenerator.worker.UpdateRowWorker#worker#4;9156250000;9093750000;0;0;11044;5439000000;14595250000;62.734;51.891;
1734188129946;1;1;tpc-di;12000.0;12;pdgf.core.dataGenerator.worker.UpdateRowWorker#worker#5;9437500000;9296875000;0;0;10777;5545000000;14982500000;62.99;53.454;
1734188129946;1;1;tpc-di;12000.0;12;pdgf.core.dataGenerator.worker.UpdateRowWorker#worker#6;9812500000;9593750000;2;4000000;10780;5673000000;15489500000;63.349;55.538;
1734188129946;1;1;tpc-di;12000.0;12;pdgf.core.dataGenerator.worker.UpdateRowWorker#worker#7;9531250000;9390625000;1;0;10706;5947000000;15478250000;61.578;53.975;
1734188129946;1;1;tpc-di;12000.0;12;pdgf.core.dataGenerator.worker.UpdateRowWorker#worker#8;9093750000;8875000000;0;0;10633;6217000000;15310750000;59.395;51.543;
1734188129946;1;1;tpc-di;12000.0;12;pdgf.core.dataGenerator.worker.UpdateRowWorker#worker#9;8343750000;8171875000;0;0;10621;6741000000;15084750000;55.312;47.375;
1734188129946;1;1;tpc-di;12000.0;12;tpc.di.CustomerAccountBlackBox$CustomerAccountUpdateProducer#ALL;0;0;0;0;1;0;0;0.0;1.0;
1734188129946;1;1;tpc-di;12000.0;12;tpc.di.CustomerAccountBlackBox$CustomerAccountUpdateProducer#Account;0;0;0;0;1;0;0;0.0;1.0;
1734188129946;1;1;tpc-di;12000.0;12;tpc.di.MergeUpdateBlackBox$MergeUpdateProducer#FINWIRE;0;0;0;0;146;144000000;144000000;0.0;1.0;
1734188129946;1;1;tpc-di;12000.0;12;tpc.di.TradeSourceUpdateBlackBox$TradeSourceUpdateProducer#ALL;203125000;156250000;0;0;1353;565000000;768125000;26.444;2.129;
1734188129946;1;1;tpc-di;12000.0;12;tpc.di.TradeSourceUpdateBlackBox$TradeSourceUpdateProducer#TradeSource;203125000;156250000;0;0;1353;565000000;768125000;26.444;2.129;
1734188129946;1;1;tpc-di;12000.0;12;tpc.di.scheduler.CustomerMgmtScheduler#CustomerMgmt;62500000;46875000;0;0;21;0;62500000;100.0;1.347;
1734188129946;1;1;tpc-di;12000.0;12;tpc.di.scheduler.CustomerMgmtUpdateRowWorker#worker#0;375000000;375000000;0;0;940;257000000;632000000;59.335;3.084;
1734188129946;1;1;tpc-di;12000.0;12;tpc.di.scheduler.CustomerMgmtUpdateRowWorker#worker#1;171875000;109375000;1;0;1351;534000000;705875000;24.349;1.955;
1734188129946;1;1;tpc-di;12000.0;12;tpc.di.scheduler.CustomerMgmtUpdateRowWorker#worker#10;15625000;0;0;0;1313;679000000;694625000;2.249;1.087;
1734188129946;1;1;tpc-di;12000.0;12;tpc.di.scheduler.CustomerMgmtUpdateRowWorker#worker#11;0;0;0;0;1305;681000000;681000000;0.0;1.0;
1734188129946;1;1;tpc-di;12000.0;12;tpc.di.scheduler.CustomerMgmtUpdateRowWorker#worker#2;31250000;31250000;1;0;1317;640000000;671250000;4.655;1.174;
1734188129946;1;1;tpc-di;12000.0;12;tpc.di.scheduler.CustomerMgmtUpdateRowWorker#worker#3;62500000;15625000;0;0;1313;669000000;731500000;8.544;1.347;
1734188129946;1;1;tpc-di;12000.0;12;tpc.di.scheduler.CustomerMgmtUpdateRowWorker#worker#4;0;0;2;0;1315;674000000;674000000;0.0;1.0;
1734188129946;1;1;tpc-di;12000.0;12;tpc.di.scheduler.CustomerMgmtUpdateRowWorker#worker#5;0;0;0;0;1311;679000000;679000000;0.0;1.0;
1734188129946;1;1;tpc-di;12000.0;12;tpc.di.scheduler.CustomerMgmtUpdateRowWorker#worker#6;62500000;31250000;0;0;1316;678000000;740500000;8.44;1.347;
1734188129946;1;1;tpc-di;12000.0;12;tpc.di.scheduler.CustomerMgmtUpdateRowWorker#worker#7;15625000;15625000;1;0;1311;680000000;695625000;2.246;1.087;
1734188129946;1;1;tpc-di;12000.0;12;tpc.di.scheduler.CustomerMgmtUpdateRowWorker#worker#8;0;0;1;0;1312;680000000;680000000;0.0;1.0;
1734188129946;1;1;tpc-di;12000.0;12;tpc.di.scheduler.CustomerMgmtUpdateRowWorker#worker#9;0;0;0;0;1310;680000000;680000000;0.0;1.0;
1734370872936;1;1;tpc-di;9000.0;12;ALL#SCHEDULERS;138640625000;65656250000;0;0;3850785;6795466000000;6934106625000;1.999;1014.677;
1734370872936;1;1;tpc-di;9000.0;12;ALL#pdgf.util.caching.experimental.BucketSortOutputFileWriterIMPL$HouseKeeper;9609375000;1953125000;0;0;106672;49573000000;59182375000;16.237;71.259;
1734370872936;1;1;tpc-di;9000.0;12;ALL#worker#0;7015625000;6828125000;1;0;11950;5066000000;12081625000;58.069;52.295;
1734370872936;1;1;tpc-di;9000.0;12;ALL#worker#1;6687500000;6437500000;5;1000000;13400;5429000000;12117500000;55.189;49.896;
1734370872936;1;1;tpc-di;9000.0;12;ALL#worker#10;5281250000;5046875000;0;0;12100;7405000000;12686250000;41.63;39.614;
1734370872936;1;1;tpc-di;9000.0;12;ALL#worker#11;4703125000;4484375000;0;0;12241;8281000000;12984125000;36.222;35.387;
1734370872936;1;1;tpc-di;9000.0;12;ALL#worker#2;6781250000;6562500000;3;0;13264;5668000000;12449250000;54.471;50.581;
1734370872936;1;1;tpc-di;9000.0;12;ALL#worker#3;7140625000;6906250000;1;0;12661;5687000000;12827625000;55.666;53.209;
1734370872936;1;1;tpc-di;9000.0;12;ALL#worker#4;6750000000;6421875000;2;0;12237;5723000000;12473000000;54.117;50.353;
1734370872936;1;1;tpc-di;9000.0;12;ALL#worker#5;6625000000;6453125000;1;0;12240;5870000000;12495000000;53.021;49.439;
1734370872936;1;1;tpc-di;9000.0;12;ALL#worker#6;6500000000;6218750000;1;0;12077;5898000000;12398000000;52.428;48.525;
1734370872936;1;1;tpc-di;9000.0;12;ALL#worker#7;6328125000;6140625000;3;0;12026;6073000000;12401125000;51.029;47.268;
1734370872936;1;1;tpc-di;9000.0;12;ALL#worker#8;6562500000;6312500000;3;0;12091;6306000000;12868500000;50.997;48.982;
1734370872936;1;1;tpc-di;9000.0;12;ALL#worker#9;5859375000;5671875000;0;0;12132;6819000000;12678375000;46.216;43.841;
1734370872936;1;1;tpc-di;9000.0;12;All#PausedThread;1500000000;343750000;1;0;33363;12425000000;13925000000;10.772;11.967;
1734370872936;1;1;tpc-di;9000.0;12;pdgf.core.dataGenerator.CDCUpdateProducer#ALL;250000000;109375000;1;1000000;835;491000000;742000000;33.693;2.828;
1734370872936;1;1;tpc-di;9000.0;12;pdgf.core.dataGenerator.CDCUpdateProducer#BatchDate;0;0;0;0;1;0;0;0.0;1.0;
1734370872936;1;1;tpc-di;9000.0;12;pdgf.core.dataGenerator.CDCUpdateProducer#Customer;0;0;0;0;2;0;0;0.0;1.0;
1734370872936;1;1;tpc-di;9000.0;12;pdgf.core.dataGenerator.CDCUpdateProducer#DailyMarket;46875000;31250000;0;0;575;432000000;478875000;9.789;1.343;
1734370872936;1;1;tpc-di;9000.0;12;pdgf.core.dataGenerator.CDCUpdateProducer#WatchHistory;171875000;78125000;1;1000000;257;59000000;231875000;74.124;2.257;
1734370872936;1;1;tpc-di;9000.0;12;pdgf.core.dataGenerator.scheduler.DbDumpUpdateScheduler#Prospect;0;0;0;0;6;226000000;226000000;0.0;1.0;
1734370872936;1;1;tpc-di;9000.0;12;pdgf.core.dataGenerator.scheduler.DefaultScheduler#Date;0;0;0;0;0;0;0;0.0;1.0;
1734370872936;1;1;tpc-di;9000.0;12;pdgf.core.dataGenerator.scheduler.DefaultScheduler#HR;0;0;0;0;0;0;0;0.0;1.0;
1734370872936;1;1;tpc-di;9000.0;12;pdgf.core.dataGenerator.scheduler.DefaultScheduler#Industry;0;0;0;0;0;0;0;0.0;1.0;
1734370872936;1;1;tpc-di;9000.0;12;pdgf.core.dataGenerator.scheduler.DefaultScheduler#StatusType;0;0;0;0;0;0;0;0.0;1.0;
1734370872936;1;1;tpc-di;9000.0;12;pdgf.core.dataGenerator.scheduler.DefaultScheduler#TaxRate;0;0;0;0;0;0;0;0.0;1.0;
1734370872936;1;1;tpc-di;9000.0;12;pdgf.core.dataGenerator.scheduler.DefaultScheduler#Time;0;0;0;0;0;0;0;0.0;1.0;
1734370872936;1;1;tpc-di;9000.0;12;pdgf.core.dataGenerator.scheduler.DefaultScheduler#TradeType;0;0;0;0;0;0;0;0.0;1.0;
1734370872936;1;1;tpc-di;9000.0;12;pdgf.core.dataGenerator.scheduler.UpdateScheduler#Account;0;0;0;0;3;3000000;3000000;0.0;1.0;
1734370872936;1;1;tpc-di;9000.0;12;pdgf.core.dataGenerator.scheduler.UpdateScheduler#BatchDate;0;0;0;0;6;6000000;6000000;0.0;1.0;
1734370872936;1;1;tpc-di;9000.0;12;pdgf.core.dataGenerator.scheduler.UpdateScheduler#Customer;0;0;0;0;3;3000000;3000000;0.0;1.0;
1734370872936;1;1;tpc-di;9000.0;12;pdgf.core.dataGenerator.scheduler.UpdateScheduler#DailyMarket;22546875000;14093750000;0;0;340228;1461631000000;1484177875000;1.519;165.852;
1734370872936;1;1;tpc-di;9000.0;12;pdgf.core.dataGenerator.scheduler.UpdateScheduler#FINWIRE;3812500000;2671875000;0;0;24452;114361000000;118173500000;3.226;28.875;
1734370872936;1;1;tpc-di;9000.0;12;pdgf.core.dataGenerator.scheduler.UpdateScheduler#TradeSource;102671875000;48859375000;0;0;3303706;4903336000000;5006007875000;2.051;751.69;
1734370872936;1;1;tpc-di;9000.0;12;pdgf.core.dataGenerator.scheduler.UpdateScheduler#WatchHistory;9515625000;0;0;0;182271;315900000000;325415625000;2.924;70.574;
1734370872936;1;1;tpc-di;9000.0;12;pdgf.core.dataGenerator.worker.DbDumpRowWorker#worker#0;187500000;156250000;0;0;33;44000000;231500000;80.994;2.371;
1734370872936;1;1;tpc-di;9000.0;12;pdgf.core.dataGenerator.worker.DbDumpRowWorker#worker#1;171875000;156250000;1;0;34;29000000;200875000;85.563;2.257;
1734370872936;1;1;tpc-di;9000.0;12;pdgf.core.dataGenerator.worker.DbDumpRowWorker#worker#10;140625000;140625000;0;0;32;50000000;190625000;73.77;2.028;
1734370872936;1;1;tpc-di;9000.0;12;pdgf.core.dataGenerator.worker.DbDumpRowWorker#worker#11;156250000;156250000;0;0;34;48000000;204250000;76.499;2.142;
1734370872936;1;1;tpc-di;9000.0;12;pdgf.core.dataGenerator.worker.DbDumpRowWorker#worker#2;125000000;125000000;0;0;31;33000000;158000000;79.114;1.914;
1734370872936;1;1;tpc-di;9000.0;12;pdgf.core.dataGenerator.worker.DbDumpRowWorker#worker#3;171875000;140625000;0;0;34;38000000;209875000;81.894;2.257;
1734370872936;1;1;tpc-di;9000.0;12;pdgf.core.dataGenerator.worker.DbDumpRowWorker#worker#4;140625000;140625000;0;0;31;53000000;193625000;72.628;2.028;
1734370872936;1;1;tpc-di;9000.0;12;pdgf.core.dataGenerator.worker.DbDumpRowWorker#worker#5;140625000;125000000;0;0;35;45000000;185625000;75.758;2.028;
1734370872936;1;1;tpc-di;9000.0;12;pdgf.core.dataGenerator.worker.DbDumpRowWorker#worker#6;187500000;171875000;0;0;36;33000000;220500000;85.034;2.371;
1734370872936;1;1;tpc-di;9000.0;12;pdgf.core.dataGenerator.worker.DbDumpRowWorker#worker#7;171875000;156250000;0;0;28;25000000;196875000;87.302;2.257;
1734370872936;1;1;tpc-di;9000.0;12;pdgf.core.dataGenerator.worker.DbDumpRowWorker#worker#8;203125000;171875000;0;0;33;32000000;235125000;86.39;2.485;
1734370872936;1;1;tpc-di;9000.0;12;pdgf.core.dataGenerator.worker.DbDumpRowWorker#worker#9;187500000;171875000;0;0;30;34000000;221500000;84.65;2.371;
1734370872936;1;1;tpc-di;9000.0;12;pdgf.core.dataGenerator.worker.RowWorker#worker#0;343750000;328125000;0;0;27;68000000;411750000;83.485;3.513;
1734370872936;1;1;tpc-di;9000.0;12;pdgf.core.dataGenerator.worker.RowWorker#worker#1;312500000;296875000;1;0;26;42000000;354500000;88.152;3.285;
1734370872936;1;1;tpc-di;9000.0;12;pdgf.core.dataGenerator.worker.RowWorker#worker#10;328125000;312500000;0;0;27;49000000;377125000;87.007;3.399;
1734370872936;1;1;tpc-di;9000.0;12;pdgf.core.dataGenerator.worker.RowWorker#worker#11;375000000;328125000;0;0;22;53000000;428000000;87.617;3.742;
1734370872936;1;1;tpc-di;9000.0;12;pdgf.core.dataGenerator.worker.RowWorker#worker#2;328125000;312500000;0;0;30;52000000;380125000;86.32;3.399;
1734370872936;1;1;tpc-di;9000.0;12;pdgf.core.dataGenerator.worker.RowWorker#worker#3;359375000;328125000;0;0;25;61000000;420375000;85.489;3.628;
1734370872936;1;1;tpc-di;9000.0;12;pdgf.core.dataGenerator.worker.RowWorker#worker#4;328125000;296875000;1;0;26;70000000;398125000;82.418;3.399;
1734370872936;1;1;tpc-di;9000.0;12;pdgf.core.dataGenerator.worker.RowWorker#worker#5;343750000;343750000;0;0;26;79000000;422750000;81.313;3.513;
1734370872936;1;1;tpc-di;9000.0;12;pdgf.core.dataGenerator.worker.RowWorker#worker#6;343750000;296875000;0;0;26;87000000;430750000;79.803;3.513;
1734370872936;1;1;tpc-di;9000.0;12;pdgf.core.dataGenerator.worker.RowWorker#worker#7;328125000;265625000;1;0;27;57000000;385125000;85.2;3.399;
1734370872936;1;1;tpc-di;9000.0;12;pdgf.core.dataGenerator.worker.RowWorker#worker#8;375000000;328125000;1;0;27;45000000;420000000;89.286;3.742;
1734370872936;1;1;tpc-di;9000.0;12;pdgf.core.dataGenerator.worker.RowWorker#worker#9;328125000;265625000;0;0;24;54000000;382125000;85.868;3.399;
1734370872936;1;1;tpc-di;9000.0;12;pdgf.core.dataGenerator.worker.UpdateRowWorker#worker#0;6187500000;6078125000;1;0;10879;4688000000;10875500000;56.894;46.24;
1734370872936;1;1;tpc-di;9000.0;12;pdgf.core.dataGenerator.worker.UpdateRowWorker#worker#1;6109375000;5890625000;2;1000000;11953;4791000000;10901375000;56.042;45.669;
1734370872936;1;1;tpc-di;9000.0;12;pdgf.core.dataGenerator.worker.UpdateRowWorker#worker#10;4781250000;4578125000;0;0;10725;6668000000;11449250000;41.76;35.958;
1734370872936;1;1;tpc-di;9000.0;12;pdgf.core.dataGenerator.worker.UpdateRowWorker#worker#11;4171875000;4000000000;0;0;10876;7541000000;11712875000;35.618;31.503;
1734370872936;1;1;tpc-di;9000.0;12;pdgf.core.dataGenerator.worker.UpdateRowWorker#worker#2;6265625000;6109375000;2;0;11874;4960000000;11225625000;55.815;46.811;
1734370872936;1;1;tpc-di;9000.0;12;pdgf.core.dataGenerator.worker.UpdateRowWorker#worker#3;6562500000;6437500000;0;0;11286;4954000000;11516500000;56.983;48.982;
1734370872936;1;1;tpc-di;9000.0;12;pdgf.core.dataGenerator.worker.UpdateRowWorker#worker#4;6250000000;5968750000;0;0;10863;4969000000;11219000000;55.709;46.697;
1734370872936;1;1;tpc-di;9000.0;12;pdgf.core.dataGenerator.worker.UpdateRowWorker#worker#5;6125000000;5984375000;0;0;10867;5109000000;11234000000;54.522;45.783;
1734370872936;1;1;tpc-di;9000.0;12;pdgf.core.dataGenerator.worker.UpdateRowWorker#worker#6;5953125000;5750000000;0;0;10702;5141000000;11094125000;53.66;44.527;
1734370872936;1;1;tpc-di;9000.0;12;pdgf.core.dataGenerator.worker.UpdateRowWorker#worker#7;5828125000;5718750000;0;0;10663;5354000000;11182125000;52.12;43.613;
1734370872936;1;1;tpc-di;9000.0;12;pdgf.core.dataGenerator.worker.UpdateRowWorker#worker#8;5968750000;5812500000;1;0;10716;5591000000;11559750000;51.634;44.641;
1734370872936;1;1;tpc-di;9000.0;12;pdgf.core.dataGenerator.worker.UpdateRowWorker#worker#9;5328125000;5234375000;0;0;10770;6093000000;11421125000;46.651;39.957;
1734370872936;1;1;tpc-di;9000.0;12;tpc.di.CustomerAccountBlackBox$CustomerAccountUpdateProducer#ALL;0;0;0;0;20;1000000;1000000;0.0;1.0;
1734370872936;1;1;tpc-di;9000.0;12;tpc.di.CustomerAccountBlackBox$CustomerAccountUpdateProducer#Account;0;0;0;0;20;1000000;1000000;0.0;1.0;
1734370872936;1;1;tpc-di;9000.0;12;tpc.di.MergeUpdateBlackBox$MergeUpdateProducer#FINWIRE;31250000;15625000;0;0;193;102000000;133250000;23.452;1.228;
1734370872936;1;1;tpc-di;9000.0;12;tpc.di.TradeSourceUpdateBlackBox$TradeSourceUpdateProducer#ALL;312500000;171875000;0;0;1723;306000000;618500000;50.525;3.285;
1734370872936;1;1;tpc-di;9000.0;12;tpc.di.TradeSourceUpdateBlackBox$TradeSourceUpdateProducer#TradeSource;312500000;171875000;0;0;1723;306000000;618500000;50.525;3.285;
1734370872936;1;1;tpc-di;9000.0;12;tpc.di.scheduler.CustomerMgmtScheduler#CustomerMgmt;78125000;31250000;0;0;110;0;78125000;100.0;1.571;
1734370872936;1;1;tpc-di;9000.0;12;tpc.di.scheduler.CustomerMgmtUpdateRowWorker#worker#0;296875000;265625000;0;0;1011;266000000;562875000;52.743;3.171;
1734370872936;1;1;tpc-di;9000.0;12;tpc.di.scheduler.CustomerMgmtUpdateRowWorker#worker#1;93750000;93750000;1;0;1387;567000000;660750000;14.188;1.685;
1734370872936;1;1;tpc-di;9000.0;12;tpc.di.scheduler.CustomerMgmtUpdateRowWorker#worker#10;31250000;15625000;0;0;1316;638000000;669250000;4.669;1.228;
1734370872936;1;1;tpc-di;9000.0;12;tpc.di.scheduler.CustomerMgmtUpdateRowWorker#worker#11;0;0;0;0;1309;639000000;639000000;0.0;1.0;
1734370872936;1;1;tpc-di;9000.0;12;tpc.di.scheduler.CustomerMgmtUpdateRowWorker#worker#2;62500000;15625000;1;0;1329;623000000;685500000;9.117;1.457;
1734370872936;1;1;tpc-di;9000.0;12;tpc.di.scheduler.CustomerMgmtUpdateRowWorker#worker#3;46875000;0;1;0;1316;634000000;680875000;6.885;1.343;
1734370872936;1;1;tpc-di;9000.0;12;tpc.di.scheduler.CustomerMgmtUpdateRowWorker#worker#4;31250000;15625000;1;0;1317;631000000;662250000;4.719;1.228;
1734370872936;1;1;tpc-di;9000.0;12;tpc.di.scheduler.CustomerMgmtUpdateRowWorker#worker#5;0;0;0;0;1312;637000000;637000000;0.0;1.0;
1734370872936;1;1;tpc-di;9000.0;12;tpc.di.scheduler.CustomerMgmtUpdateRowWorker#worker#6;15625000;0;1;0;1313;637000000;652625000;2.394;1.114;
1734370872936;1;1;tpc-di;9000.0;12;tpc.di.scheduler.CustomerMgmtUpdateRowWorker#worker#7;0;0;1;0;1308;637000000;637000000;0.0;1.0;
1734370872936;1;1;tpc-di;9000.0;12;tpc.di.scheduler.CustomerMgmtUpdateRowWorker#worker#8;15625000;0;0;0;1315;638000000;653625000;2.391;1.114;
1734370872936;1;1;tpc-di;9000.0;12;tpc.di.scheduler.CustomerMgmtUpdateRowWorker#worker#9;15625000;0;0;0;1308;638000000;653625000;2.391;1.114;
